date,latitude,longitude,elevation,temperature_2m,relative_humidity_2m,dew_point_2m,apparent_temperature,precipitation_probability,precipitation,rain,showers,snowfall,snow_depth,weather_code,pressure_msl,surface_pressure,cloud_cover,cloud_cover_low,cloud_cover_mid,cloud_cover_high,visibility,evapotranspiration,et0_fao_evapotranspiration,vapour_pressure_deficit,wind_speed_10m,wind_speed_80m,wind_speed_120m,wind_speed_180m,wind_direction_10m,wind_direction_80m,wind_direction_120m,wind_direction_180m,wind_gusts_10m,temperature_80m,temperature_120m,temperature_180m,soil_temperature_0cm,soil_temperature_6cm,soil_temperature_18cm,soil_temperature_54cm,soil_moisture_0_to_1cm,soil_moisture_1_to_3cm,soil_moisture_3_to_9cm,soil_moisture_9_to_27cm,soil_moisture_27_to_81cm
2026-03-30 00:00:00+00:00,37.375,-6.0,15.0,13.837001,33.0,-2.1765835,9.805739,0.0,0.0,0.0,0.0,0.0,0.0,0.0,1025.8,1023.9703,0.0,0.0,0.0,0.0,46060.0,0.050000004,0.08265675,1.0612174,10.931203,29.882166,42.5044,50.943497,17.241547,21.929651,26.130941,32.005356,29.519999,14.287001,14.487,14.187,12.587001,15.987,17.587,16.937,0.316,0.324,0.34,0.368,0.409
2026-03-30 01:00:00+00:00,37.375,-6.0,15.0,12.937,37.0,-1.4187458,9.175766,0.0,0.0,0.0,0.0,0.0,0.0,1.0,1026.3,1024.4636,15.0,0.0,0.0,15.0,44620.0,0.050000004,0.066939265,0.94107145,9.793058,30.886656,41.542187,49.036705,17.102825,21.181417,25.676775,32.406654,26.28,13.587001,13.887,13.687,11.587001,15.237,17.536999,16.937,0.317,0.324,0.34,0.368,0.409
2026-03-30 02:00:00+00:00,37.375,-6.0,15.0,12.437,37.0,-1.8642849,8.655145,0.0,0.0,0.0,0.0,0.0,0.0,0.0,1026.5,1024.66,0.0,0.0,0.0,0.0,44560.0,0.04,0.06391249,0.9107629,9.511088,31.151962,41.82512,50.99435,29.475794,33.6901,41.510574,51.592846,24.48,13.287001,13.787001,13.587001,11.187,14.687,17.387,16.987,0.315,0.322,0.337,0.367,0.408
2026-03-30 03:00:00+00:00,37.375,-6.0,15.0,11.737,37.0,-2.4882035,7.9038086,0.0,0.0,0.0,0.0,0.0,0.0,0.0,1026.8,1024.9551,0.0,0.0,0.0,0.0,44560.0,0.04,0.060885463,0.86977184,9.290511,31.828968,43.34974,50.38071,35.537766,43.62524,48.366554,50.50899,22.68,12.687,12.787001,12.287001,10.437,13.937,17.187,16.987,0.316,0.322,0.337,0.367,0.408
2026-03-30 04:00:00+00:00,37.375,-6.0,15.0,10.887,35.0,-3.9897122,6.896164,0.0,0.0,0.0,0.0,0.0,0.0,0.0,1026.6,1024.7499,0.0,0.0,0.0,0.0,45240.0,0.04,0.06009137,0.8482743,9.085988,27.661497,38.214302,45.11505,33.6901,38.65983,42.709366,47.910923,23.039999,11.487,11.687,11.387,9.787001,13.287001,16.987,16.987,0.317,0.323,0.337,0.367,0.408
2026-03-30 05:00:00+00:00,37.375,-6.0,15.0,9.337001,40.0,-3.5898092,5.5198345,0.0,0.0,0.0,0.0,0.0,0.0,0.0,1027.3,1025.4385,0.0,0.0,0.0,0.0,43680.0,0.04,0.046095222,0.70597744,8.225035,27.41678,34.921856,40.729347,23.198618,29.931421,37.460625,44.999897,21.599998,10.187,10.387,10.087001,8.287001,12.437,16.737,16.987,0.318,0.323,0.337,0.367,0.408
2026-03-30 06:00:00+00:00,37.375,-6.0,15.0,8.587001,41.0,-3.9359438,4.7966833,0.0,0.0,0.0,0.0,0.0,0.0,1.0,1027.7,1025.8328,3.0,0.0,0.0,3.0,43200.0,0.03,0.041096203,0.65996385,7.754637,27.105392,34.488674,41.266743,21.801476,30.31114,36.511147,42.878906,18.72,9.487,9.587001,9.287001,7.637,11.837001,16.487,16.987,0.318,0.323,0.337,0.367,0.408
2026-03-30 07:00:00+00:00,37.375,-6.0,15.0,7.787,45.0,-3.4170468,4.272073,0.0,0.0,0.0,0.0,0.0,0.0,0.0,1028.6,1026.7256,2.0,0.0,0.0,2.0,42380.0,0.03,0.02823197,0.5827142,6.297428,23.4,30.886656,37.67809,30.963696,36.86999,40.746082,44.225872,17.64,8.687,8.787001,8.487,6.937,11.237,16.237,17.036999,0.319,0.324,0.337,0.367,0.408
2026-03-30 08:00:00+00:00,37.375,-6.0,15.0,6.937,51.0,-2.5143096,3.5626326,0.0,0.0,0.0,0.0,0.0,0.0,0.0,1028.5,1026.6205,7.0,0.0,0.0,7.0,41520.0,0.03,0.021653773,0.4898656,6.12,22.392464,29.131096,35.406506,28.072395,36.50153,39.98684,42.939884,14.759999,7.987,7.987,7.687,6.137,10.637,15.937,17.036999,0.32,0.324,0.337,0.367,0.408
2026-03-30 09:00:00+00:00,37.375,-6.0,15.0,6.787,53.0,-2.1331494,3.5091138,0.0,0.0,0.0,0.0,0.0,0.0,0.0,1029.2,1027.3181,4.0,0.0,0.0,4.0,41320.0,0.03,0.022156697,0.46506476,5.8048253,20.523157,26.28,32.32992,29.744795,37.875053,41.11199,44.548916,13.679999,7.687,7.687,7.387,6.837,10.187,15.637,17.036999,0.321,0.325,0.337,0.367,0.408
2026-03-30 10:00:00+00:00,37.375,-6.0,15.0,8.587001,49.0,-1.533048,5.3195467,0.0,0.0,0.0,0.0,0.0,0.0,1.0,1029.4,1027.5297,10.0,0.0,0.0,10.0,41640.0,0.050000004,0.09569252,0.5704992,6.297428,17.49615,24.014996,29.52878,30.963696,36.634212,40.135426,44.999897,16.56,7.487,7.387,7.287,11.037001,10.237,15.337001,17.036999,0.321,0.325,0.337,0.366,0.408
2026-03-30 11:00:00+00:00,37.375,-6.0,15.0,11.937,36.0,-2.6800218,8.02104,0.0,0.0,0.0,0.0,0.0,0.0,0.0,1029.6,1027.7512,9.0,0.0,0.0,9.0,44400.0,0.10000001,0.22311099,0.8953013,9.686609,15.530151,16.29174,17.057314,41.98713,44.06091,44.999897,45.85501,24.84,10.087001,9.387,8.487,16.036999,11.887,15.187,17.036999,0.32,0.325,0.337,0.366,0.408
2026-03-30 12:00:00+00:00,37.375,-6.0,15.0,13.887,31.0,-2.9767194,9.882849,0.0,0.0,0.0,0.0,0.0,0.0,0.0,1029.4,1027.5642,0.0,0.0,0.0,0.0,46360.0,0.14000002,0.3387881,1.0964417,12.904882,20.63023,21.749483,22.238562,59.8587,60.75127,61.313953,60.94549,32.039997,11.587001,10.787001,9.887,19.087,13.687,15.137,16.987,0.319,0.325,0.337,0.366,0.408
2026-03-30 13:00:00+00:00,37.375,-6.0,15.0,15.687,28.0,-2.7853985,12.591812,0.0,0.0,0.0,0.0,0.0,0.0,0.0,1028.9,1027.0767,0.0,0.0,0.0,0.0,48040.0,0.18,0.43472147,1.2847252,12.594856,19.826164,20.94507,21.434364,59.03632,60.64234,61.23244,60.852028,32.039997,12.987,12.187,11.287001,21.737,15.437,15.137,16.987,0.317,0.324,0.337,0.366,0.408
2026-03-30 14:00:00+00:00,37.375,-6.0,15.0,17.087,25.0,-3.1113577,14.543915,0.0,0.0,0.0,0.0,0.0,0.0,0.0,1028.3,1026.4865,0.0,0.0,0.0,0.0,50300.0,0.20000002,0.503907,1.4628676,12.181624,19.272614,20.073025,20.570463,55.840256,57.200474,57.45001,57.144287,32.399998,14.187,13.487,12.587001,23.536999,17.187,15.237,16.987,0.314,0.323,0.337,0.366,0.408
2026-03-30 15:00:00+00:00,37.375,-6.0,15.0,18.286999,23.0,-3.2156632,15.932632,0.0,0.0,0.0,0.0,0.0,0.0,0.0,1027.1,1025.2958,0.0,0.0,0.0,0.0,51560.0,0.22,0.5391571,1.6197307,11.988594,17.935081,18.947083,19.453327,48.65233,51.51978,51.170166,51.009003,32.039997,15.387,14.587001,13.687,24.536999,18.737,15.187,16.987,0.312,0.322,0.337,0.365,0.408
2026-03-30 16:00:00+00:00,37.375,-6.0,15.0,19.237,21.0,-3.6391945,16.497595,0.0,0.0,0.0,0.0,0.0,0.0,0.0,1026.1,1024.3035,0.0,0.0,0.0,0.0,54580.0,0.22,0.5378077,1.7633443,12.738099,19.64228,20.65848,21.166653,47.290634,48.715385,48.53239,48.44749,32.760002,16.487,15.687,14.787001,24.637,19.937,15.287001,16.987,0.31,0.321,0.336,0.365,0.408
2026-03-30 17:00:00+00:00,37.375,-6.0,15.0,19.887,22.0,-2.4708848,16.817677,0.0,0.0,0.0,0.0,0.0,0.0,0.0,1025.4,1023.6088,0.0,0.0,0.0,0.0,53700.0,0.21000002,0.4912907,1.8126664,12.313894,19.734436,21.028437,21.758419,52.124958,51.666626,51.952908,51.044094,33.12,17.387,16.687,15.787001,24.187,20.487,15.637,16.937,0.308,0.32,0.336,0.365,0.407
2026-03-30 18:00:00+00:00,37.375,-6.0,15.0,20.187,24.0,-1.0359416,16.769142,0.0,0.0,0.0,0.0,0.0,0.0,0.0,1025.0,1023.2111,0.0,0.0,0.0,0.0,51160.0,0.18,0.39741048,1.7992303,10.144082,16.434305,16.923828,17.727943,62.525658,61.189304,60.708733,60.832493,31.68,18.187,17.387,16.487,23.187,20.587,15.937,16.937,0.307,0.319,0.336,0.365,0.407
2026-03-30 19:00:00+00:00,37.375,-6.0,15.0,20.087,26.0,-0.021907084,16.912556,0.0,0.0,0.0,0.0,0.0,0.0,0.0,1024.6,1022.8115,0.0,0.0,0.0,0.0,50420.0,0.14000002,0.26782697,1.7410772,7.172949,11.043261,11.726277,11.841756,72.47434,70.974304,72.12121,70.46326,26.28,18.587,17.887,16.987,21.387,20.637,16.237,16.937,0.307,0.319,0.335,0.365,0.407
2026-03-30 20:00:00+00:00,37.375,-6.0,15.0,19.387,28.0,0.40186808,16.776745,0.0,0.0,0.0,0.0,0.0,0.0,0.0,1024.3,1022.5076,0.0,0.0,0.0,0.0,49180.0,0.09,0.11597309,1.6221135,3.7585104,7.072878,7.5170207,7.5170207,73.300674,75.25639,73.300674,73.300674,18.359999,18.587,17.887,17.087,18.237,20.286999,16.487,16.937,0.308,0.318,0.335,0.364,0.407
2026-03-30 21:00:00+00:00,37.375,-6.0,15.0,17.987,36.0,2.6889036,16.031752,0.0,0.0,0.0,0.0,0.0,0.0,0.0,1024.5,1022.6986,0.0,0.0,0.0,0.0,47360.0,0.03,0.011247684,1.321105,1.9386592,4.198285,4.3498964,4.2136917,158.19853,120.96369,114.44395,109.98319,9.36,18.387,17.786999,16.987,14.687,19.087,16.587,16.937,0.311,0.319,0.335,0.364,0.407
2026-03-30 22:00:00+00:00,37.375,-6.0,15.0,16.887,37.0,2.0975838,14.825811,0.0,0.0,0.0,0.0,0.0,0.0,0.0,1025.0,1023.19086,0.0,0.0,0.0,0.0,46280.0,-0.0,0.005437862,1.2133121,1.9386592,3.5455887,3.6,2.8116899,201.80147,156.0375,143.13002,129.80553,3.2399998,18.187,17.687,16.887,12.987,17.437,16.687,16.937,0.314,0.32,0.335,0.364,0.407
2026-03-30 23:00:00+00:00,37.375,-6.0,15.0,15.687,39.0,1.7642741,13.366575,0.0,0.0,0.0,0.0,0.0,0.0,0.0,1025.6,1023.7825,0.0,0.0,0.0,0.0,45180.0,-0.0,0.017779987,1.0884261,3.319036,4.0249224,3.319036,1.835647,229.39879,206.56499,192.5288,191.30989,3.6,17.987,17.587,16.887,11.837001,16.137,16.637,16.937,0.316,0.321,0.335,0.364,0.407
2026-03-31 00:00:00+00:00,37.375,-6.0,15.0,14.037001,44.0,1.9653995,11.658206,0.0,0.0,0.0,0.0,0.0,0.0,0.0,1025.9,1024.0714,0.0,0.0,0.0,0.0,43820.0,0.01,0.018957837,0.8985514,3.96,7.6367526,7.342588,5.771239,270.0,261.87,258.6901,266.42374,5.7599998,17.587,17.286999,16.687,10.837001,15.087001,16.786999,16.937,0.318,0.322,0.335,0.364,0.407
2026-03-31 01:00:00+00:00,37.375,-6.0,15.0,11.887,54.0,2.8693001,9.723389,0.0,0.0,0.0,0.0,0.0,0.0,0.0,1026.0,1024.1575,0.0,0.0,0.0,0.0,41120.0,0.01,0.008661893,0.6413814,3.6,10.495713,11.304229,9.3669195,270.0,264.09396,260.83774,267.79745,6.4799995,17.187,17.187,16.687,10.087001,14.187,16.737,16.937,0.319,0.323,0.335,0.364,0.407
2026-03-31 02:00:00+00:00,37.375,-6.0,15.0,10.887,61.0,3.6583757,8.965115,0.0,0.0,0.0,0.0,0.0,0.0,0.0,1025.9,1024.0511,0.0,0.0,0.0,0.0,40520.0,0.01,0.00072354474,0.5089741,2.968636,9.114471,12.261158,11.901798,255.96373,260.9098,266.6336,273.46817,4.32,16.187,16.587,16.387,9.437,13.437,16.587,16.937,0.321,0.324,0.335,0.364,0.407
2026-03-31 03:00:00+00:00,37.375,-6.0,15.0,10.187,61.0,2.9976118,8.162206,0.0,0.0,0.0,0.0,0.0,0.0,0.0,1025.8,1023.9469,0.0,0.0,0.0,0.0,40220.0,0.01,0.0,0.48579746,2.8116899,7.628263,9.779817,9.826088,219.80553,250.70985,276.3401,298.4428,5.7599998,15.387,16.187,16.286999,8.937,12.787001,16.437,16.937,0.322,0.324,0.335,0.364,0.407
2026-03-31 04:00:00+00:00,37.375,-6.0,15.0,9.587001,69.0,4.176971,8.051959,0.0,0.0,0.0,0.0,0.0,0.0,0.0,1025.4,1023.54346,0.0,0.0,0.0,0.0,38320.0,-0.0,0.0,0.3709423,1.0182338,4.1046314,7.8954163,10.829958,224.9999,285.25516,313.1524,338.5522,5.04,14.387,15.587001,15.987,8.287001,12.237,16.237,16.937,0.322,0.325,0.336,0.364,0.407
2026-03-31 05:00:00+00:00,37.375,-6.0,15.0,9.087001,71.0,4.1049,7.5199804,0.0,0.0,0.0,0.0,0.0,0.0,0.0,1024.9,1023.0412,0.0,0.0,0.0,0.0,35060.0,-0.0,0.0,0.33554024,1.1384199,5.1544156,10.8955765,18.448023,18.435053,12.094739,7.59456,17.020617,2.16,13.387,14.787001,15.287001,7.687,11.687,15.987,16.937,0.323,0.325,0.336,0.364,0.407
2026-03-31 06:00:00+00:00,37.375,-6.0,15.0,9.287001,68.0,3.6820447,7.4832764,0.0,0.0,0.0,0.0,0.0,0.0,0.0,1024.6,1022.74286,0.0,0.0,0.0,0.0,38420.0,-0.0,0.0,0.37527072,2.1897945,10.00256,18.193361,26.795223,9.462248,30.256361,27.072004,30.699654,2.16,12.687,14.087001,14.487,7.587,11.187,15.787001,16.937,0.324,0.326,0.336,0.364,0.407
2026-03-31 07:00:00+00:00,37.375,-6.0,15.0,9.787001,66.0,3.7349195,7.7724237,0.0,0.0,0.0,0.0,0.0,0.0,0.0,1024.7,1022.8462,0.0,0.0,0.0,0.0,40040.0,-0.0,0.0014707057,0.41233343,3.7064266,13.684735,21.67786,29.179993,29.054508,35.362556,35.537766,38.990997,4.68,12.887,13.987,14.487,7.287,10.787001,15.537001,16.937,0.325,0.327,0.336,0.364,0.407
2026-03-31 08:00:00+00:00,37.375,-6.0,15.0,9.637,67.0,3.8057377,7.6113567,0.0,0.0,0.0,0.0,0.0,0.0,0.0,1024.9,1023.0449,0.0,0.0,0.0,0.0,39920.0,-0.0,0.0016057772,0.39620215,3.8773184,15.575981,22.768396,29.179993,21.801476,33.6901,34.69522,38.990997,6.4799995,13.487,14.487,14.787001,7.287,10.387,15.337001,16.937,0.326,0.327,0.336,0.364,0.407
2026-03-31 09:00:00+00:00,37.375,-6.0,15.0,9.837001,68.0,4.207857,7.8580713,0.0,0.0,0.0,0.0,0.0,0.0,0.0,1025.3,1023.44556,0.0,0.0,0.0,0.0,39360.0,0.01,0.012178022,0.3893782,4.1046314,17.477621,23.47741,29.836594,15.255177,32.38066,35.639904,41.576035,7.92,13.887,14.687,14.987,8.687,10.437,15.087001,16.887,0.326,0.328,0.337,0.364,0.407
2026-03-31 10:00:00+00:00,37.375,-6.0,15.0,12.437,67.0,6.477309,10.907686,0.0,0.0,0.0,0.0,0.0,0.0,0.0,1025.2,1023.36237,0.0,0.0,0.0,0.0,38680.0,0.03,0.09378591,0.47703087,4.379589,18.892282,24.985659,30.319178,9.462248,30.963696,36.209553,42.594006,10.799999,13.987,14.787001,14.987,14.137,10.637,14.887,16.887,0.326,0.328,0.337,0.364,0.407
2026-03-31 11:00:00+00:00,37.375,-6.0,15.0,16.536999,55.0,7.461864,14.963371,0.0,0.0,0.0,0.0,0.0,0.0,0.0,1025.3,1023.4882,0.0,0.0,0.0,0.0,40680.0,0.08,0.23027113,0.8475199,6.28713,13.684735,24.863466,30.472675,23.629398,26.564985,34.3804,38.76555,16.919998,14.887,15.087001,15.087001,19.737,12.387,14.737,16.887,0.325,0.328,0.337,0.364,0.407
2026-03-31 12:00:00+00:00,37.375,-6.0,15.0,19.687,44.0,7.0919514,17.612967,0.0,0.0,0.0,0.0,0.0,0.0,0.0,1025.0,1023.2083,0.0,0.0,0.0,0.0,41980.0,0.15,0.37829787,1.285156,11.609651,18.472595,19.969458,21.767351,29.744795,33.070686,33.97659,34.215755,29.519999,17.587,16.887,15.987,23.737,14.737,14.737,16.887,0.322,0.327,0.337,0.364,0.407
2026-03-31 13:00:00+00:00,37.375,-6.0,15.0,21.487,42.0,8.036487,20.086596,0.0,0.0,0.0,0.0,0.0,0.0,0.0,1024.3,1022.5204,0.0,0.0,0.0,0.0,42280.0,0.20000002,0.48601678,1.4869431,14.021525,21.915691,23.199759,24.216522,41.877792,42.336945,41.85495,41.98713,34.2,19.087,18.286999,17.387,26.087,16.987,14.887,16.837,0.319,0.326,0.337,0.363,0.407
2026-03-31 14:00:00+00:00,37.375,-6.0,15.0,23.137,35.0,6.8363647,22.141865,0.0,0.0,0.0,0.0,0.0,0.0,0.0,1023.6,1021.8315,0.0,0.0,0.0,0.0,44120.0,0.23,0.57034427,1.842145,12.88981,19.67195,20.969807,21.767351,35.909817,34.56259,34.50859,34.215755,34.2,20.487,19.786999,18.887,28.137,18.987,14.787001,16.837,0.316,0.325,0.337,0.363,0.407
2026-03-31 15:00:00+00:00,37.375,-6.0,15.0,24.637,32.0,6.8446584,23.923527,0.0,0.0,0.0,0.0,0.0,0.0,0.0,1022.4,1020.6425,0.0,0.0,0.0,0.0,45560.0,0.25,0.6120844,2.1087036,12.24,19.33639,20.140705,20.94507,28.072395,28.950893,28.855572,28.767557,32.760002,21.987,21.187,20.286999,29.437,20.786999,14.987,16.837,0.312,0.323,0.337,0.363,0.407
2026-03-31 16:00:00+00:00,37.375,-6.0,15.0,25.587,30.0,6.728906,24.78979,0.0,0.0,0.0,0.0,0.0,0.0,0.0,1021.2,1019.45,0.0,0.0,0.0,0.0,46560.0,0.25,0.6035881,2.2968812,11.440979,17.399586,18.204042,19.008547,24.145542,24.443953,24.537718,24.623547,32.399998,23.087,22.286999,21.387,29.887,22.286999,15.387,16.837,0.309,0.322,0.336,0.363,0.406
2026-03-31 17:00:00+00:00,37.375,-6.0,15.0,26.337,28.0,6.371221,24.951769,0.0,0.0,0.0,0.0,0.0,0.0,0.0,1019.9,1018.15674,0.0,0.0,0.0,0.0,48280.0,0.24,0.5527811,2.4695728,11.177405,17.309973,18.0,18.792551,14.931467,16.927603,16.26028,16.699326,29.88,24.087,23.286999,22.387,29.587,23.286999,15.787001,16.837,0.307,0.32,0.336,0.362,0.406
2026-03-31 18:00:00+00:00,37.375,-6.0,15.0,26.237,29.0,6.7957783,24.124853,0.0,0.0,0.0,0.0,0.0,0.0,0.0,1019.5,1017.7568,0.0,0.0,0.0,0.0,47820.0,0.23,0.453041,2.4209268,10.853866,17.414476,18.486622,19.245697,5.7105074,7.12493,6.70975,7.523731,27.72,24.487,23.687,22.786999,27.536999,23.487,16.137,16.786999,0.299,0.316,0.335,0.362,0.406
2026-03-31 19:00:00+00:00,37.375,-6.0,15.0,25.987,29.0,6.5805593,23.467812,0.0,0.0,0.0,0.0,0.0,0.0,0.0,1019.5,1017.7552,0.0,0.0,0.0,0.0,48220.0,0.19,0.33769047,2.3854914,11.304229,20.06334,21.485697,22.253124,9.16228,9.2932415,8.673101,9.309866,27.359999,24.786999,24.087,23.187,25.387,23.536999,16.536999,16.786999,0.298,0.314,0.334,0.362,0.406
2026-03-31 20:00:00+00:00,37.375,-6.0,15.0,24.887,31.0,6.599761,22.631323,0.0,0.0,0.0,0.0,0.0,0.0,0.0,1019.6,1017.8486,0.0,0.0,0.0,0.0,47180.0,0.13,0.1921336,2.1718628,9.531505,22.45315,25.772078,27.684914,10.885482,12.030577,12.094739,12.771242,27.359999,24.587,23.987,23.187,22.536999,23.036999,16.887,16.786999,0.299,0.314,0.334,0.362,0.406
2026-03-31 21:00:00+00:00,37.375,-6.0,15.0,22.337,39.0,7.709605,20.584558,0.0,0.0,0.0,0.0,0.0,0.0,0.0,1019.8,1018.03326,0.0,0.0,0.0,0.0,44100.0,0.07000001,0.0753848,1.6469942,7.92,26.882141,32.97293,36.158054,360.0,7.695961,10.696463,12.652561,23.039999,23.587,23.286999,22.687,19.337,21.937,17.137,16.786999,0.3,0.314,0.334,0.362,0.406
2026-03-31 22:00:00+00:00,37.375,-6.0,15.0,20.337,46.0,8.335081,19.083961,0.0,0.0,0.0,0.0,0.0,0.0,0.0,1020.1,1018.3206,0.0,0.0,0.0,0.0,42440.0,0.050000004,0.036647093,1.29001,5.5887027,23.444265,28.71437,34.17157,345.06854,3.5213907,7.926835,11.546671,18.0,22.487,22.487,21.987,17.437,20.536999,17.286999,16.786999,0.303,0.314,0.333,0.362,0.406
2026-03-31 23:00:00+00:00,37.375,-6.0,15.0,18.887,50.0,8.236952,17.649048,0.0,0.0,0.0,0.0,0.0,0.0,0.0,1020.3,1018.51166,0.0,0.0,0.0,0.0,41840.0,0.03,0.02882197,1.0917451,5.315336,18.430452,23.828083,29.914679,331.69934,347.5926,355.66776,2.7590597,12.24,21.987,21.887,21.487,16.137,19.286999,17.387,16.837,0.305,0.315,0.333,0.362,0.406
2026-04-01 00:00:00+00:00,37.375,-6.0,15.0,17.687,54.0,8.261883,16.45051,0.0,0.0,0.0,0.0,0.0,0.0,0.0,1020.3,1018.5044,0.0,0.0,0.0,0.0,41180.0,0.03,0.024142606,0.93166375,5.3517847,18.998314,24.144165,29.598919,340.3461,350.18076,357.43628,4.184834,11.5199995,21.286999,21.286999,20.887,15.287001,18.187,17.437,16.786999,0.307,0.316,0.333,0.362,0.406
2026-04-01 01:00:00+00:00,37.375,-6.0,15.0,16.637,59.0,8.58844,15.419584,0.0,0.0,0.0,0.0,0.0,0.0,0.0,1020.3,1018.4976,0.0,0.0,0.0,0.0,40580.0,0.02,0.021350423,0.77707195,5.8048253,20.523155,25.364037,29.830078,352.87506,358.99493,6.5197067,17.560366,12.959999,20.286999,20.487,20.187,14.587001,17.286999,17.536999,16.786999,0.309,0.317,0.333,0.362,0.406
2026-04-01 02:00:00+00:00,37.375,-6.0,15.0,15.937,60.0,8.178486,14.513546,0.0,0.0,0.0,0.0,0.0,0.0,0.0,1020.3,1018.4931,0.0,0.0,0.0,0.0,40300.0,0.02,0.023650235,0.725103,6.489992,24.216522,30.737339,37.35683,356.82022,11.142857,18.435053,27.552727,14.4,19.487,19.786999,19.487,13.937,16.536999,17.687,16.786999,0.311,0.317,0.333,0.362,0.406
2026-04-01 03:00:00+00:00,37.375,-6.0,15.0,15.437,62.0,8.190184,13.99505,0.0,0.0,0.0,0.0,0.0,0.0,0.0,1020.4,1018.59015,0.0,0.0,0.0,0.0,40060.0,0.02,0.021877706,0.66717744,6.638072,27.70831,34.08042,40.257275,12.528798,24.567156,31.171293,38.099728,15.119999,18.387,18.687,18.487,13.187,15.937,17.737,16.786999,0.312,0.318,0.333,0.361,0.406
2026-04-01 04:00:00+00:00,37.375,-6.0,15.0,14.687,58.0,6.5082564,12.886414,0.0,0.0,0.0,0.0,0.0,0.0,0.0,1020.4,1018.5853,0.0,0.0,0.0,0.0,40740.0,0.03,0.023405071,0.70275533,6.28713,26.576681,32.688713,38.479603,13.240531,28.30066,36.491394,42.345757,15.4800005,17.587,17.887,17.487,12.437,15.437,17.637,16.786999,0.313,0.318,0.333,0.361,0.406
2026-04-01 05:00:00+00:00,37.375,-6.0,15.0,13.887,59.0,6.0054216,11.971849,0.0,0.0,0.0,0.0,0.0,0.0,0.0,1020.4,1018.58026,0.0,0.0,0.0,0.0,40560.0,0.03,0.021701358,0.65145946,6.28713,27.105392,32.33193,37.688404,13.240531,30.31114,37.76315,43.451904,14.4,16.786999,16.887,16.387,11.737,14.887,17.487,16.786999,0.314,0.319,0.333,0.361,0.406
2026-04-01 06:00:00+00:00,37.375,-6.0,15.0,13.187,60.0,5.5899653,11.230816,0.0,0.0,0.0,0.0,0.0,0.0,0.0,1020.7,1018.8752,0.0,0.0,0.0,0.0,40520.0,0.02,0.018337397,0.60729724,5.937272,25.992397,31.205997,36.40275,14.036275,30.827597,39.382397,45.400623,14.4,15.887,16.087,15.587001,11.137,14.437,17.337,16.786999,0.315,0.319,0.333,0.361,0.406
2026-04-01 07:00:00+00:00,37.375,-6.0,15.0,12.387,61.0,5.0739517,10.405048,0.0,0.0,0.0,0.0,0.0,0.0,0.0,1020.9,1019.06976,0.0,0.0,0.0,0.0,40380.0,0.02,0.013902281,0.5619348,5.3517847,22.86496,28.075384,33.108257,19.653913,33.439884,40.84027,46.76236,13.32,15.087001,15.087001,14.587001,10.537001,13.987,17.137,16.786999,0.316,0.32,0.333,0.361,0.406
2026-04-01 08:00:00+00:00,37.375,-6.0,15.0,11.687,63.0,4.875435,9.679286,0.0,0.0,0.0,0.0,0.0,0.0,0.0,1021.3,1019.46454,0.0,0.0,0.0,0.0,39920.0,0.02,0.011330234,0.5091223,5.2416787,21.611996,27.0,31.869658,15.945477,29.981556,36.86999,41.79471,12.24,14.287001,14.287001,13.687,9.937,13.537001,16.937,16.837,0.316,0.32,0.333,0.361,0.406
2026-04-01 09:00:00+00:00,37.375,-6.0,15.0,11.487,65.0,5.13453,9.546749,0.0,0.0,0.0,0.0,0.0,0.0,0.0,1021.9,1020.06226,0.0,0.0,0.0,0.0,39640.0,0.02,0.01938194,0.47528166,5.154415,21.767351,27.609911,33.3559,24.775122,34.215755,39.709877,43.688187,12.24,13.387,13.387,12.787001,10.687,13.087001,16.737,16.837,0.317,0.321,0.333,0.361,0.406
2026-04-01 10:00:00+00:00,37.375,-6.0,15.0,13.337001,57.0,4.99234,11.131792,0.0,0.0,0.0,0.0,0.0,0.0,0.0,1022.1,1020.2736,0.0,0.0,0.0,0.0,40700.0,0.06,0.1125539,0.65926516,6.763786,21.485697,28.082308,32.957207,25.201094,31.29298,36.135475,40.126038,17.28,12.787001,12.687,12.187,15.237,12.987,16.536999,16.837,0.317,0.321,0.334,0.361,0.406
2026-04-01 11:00:00+00:00,37.375,-6.0,15.0,15.737,47.0,4.448561,12.690903,0.0,0.0,0.0,0.0,0.0,0.0,0.0,1022.4,1020.58844,0.0,0.0,0.0,0.0,41740.0,0.12,0.24804886,0.9486686,11.753876,19.373219,20.898613,22.932877,40.030197,41.98713,42.207226,42.455162,28.44,13.987,13.287001,12.387,18.937,14.187,16.387,16.837,0.315,0.321,0.334,0.361,0.406
2026-04-01 12:00:00+00:00,37.375,-6.0,15.0,17.637,42.0,4.565485,14.741516,0.0,0.0,0.0,0.0,0.0,0.0,0.0,1022.2,1020.4007,0.0,0.0,0.0,0.0,42480.0,0.18,0.36765626,1.1711444,13.755579,23.708124,25.233404,26.250393,47.12111,48.07754,47.89135,47.77924,34.92,15.487,14.687,13.787001,21.737,16.137,16.337,16.837,0.312,0.32,0.334,0.361,0.406
2026-04-01 13:00:00+00:00,37.375,-6.0,15.0,19.337,38.0,4.6569295,17.242828,0.0,0.0,0.0,0.0,0.0,0.0,0.0,1021.5,1019.7121,0.0,0.0,0.0,0.0,43400.0,0.22,0.4719704,1.3923793,14.021525,23.199759,24.458813,25.476198,48.122223,48.14505,47.385983,47.290634,35.64,16.786999,15.987,15.087001,24.187,17.937,16.387,16.837,0.309,0.319,0.333,0.361,0.406
2026-04-01 14:00:00+00:00,37.375,-6.0,15.0,20.837,36.0,5.2130175,19.498165,0.0,0.0,0.0,0.0,0.0,0.0,0.0,1020.7,1018.92285,0.0,0.0,0.0,0.0,44020.0,0.25,0.54502046,1.576847,13.246826,20.65848,21.915691,22.42427,47.20262,48.53239,47.66307,47.602623,36.0,18.087,17.286999,16.387,26.137,19.637,16.286999,16.837,0.306,0.318,0.333,0.36,0.405
2026-04-01 15:00:00+00:00,37.375,-6.0,15.0,22.137,34.0,5.5360436,21.289064,0.0,0.0,0.0,0.0,0.0,0.0,0.0,1019.9,1018.1319,0.0,0.0,0.0,0.0,44620.0,0.26,0.5803082,1.7605946,11.709688,18.075441,18.837324,19.346441,44.999897,45.806843,44.999897,44.999897,33.839996,19.387,18.587,17.687,27.487,21.187,16.337,16.837,0.302,0.316,0.333,0.36,0.405
2026-04-01 16:00:00+00:00,37.375,-6.0,15.0,23.286999,32.0,5.6677675,22.513342,0.0,0.0,0.0,0.0,0.0,0.0,0.0,1018.9,1017.1406,0.0,0.0,0.0,0.0,45740.0,0.26,0.5732347,1.9447598,10.233123,15.580141,16.595179,17.148247,39.289394,40.314034,40.601215,39.03552,30.599998,20.687,19.887,18.987,28.237,22.437,16.687,16.837,0.298,0.314,0.333,0.36,0.405
2026-04-01 17:00:00+00:00,37.375,-6.0,15.0,24.087,29.0,4.9439554,22.57251,0.0,0.0,0.0,0.0,0.0,0.0,0.0,1018.1,1016.3467,0.0,0.0,0.0,0.0,47320.0,0.25,0.52576566,2.130631,10.315115,15.807239,16.610792,17.414474,29.248732,30.068504,29.898815,29.744795,28.08,21.687,20.987,20.087,27.687,23.337,17.036999,16.786999,0.296,0.313,0.332,0.36,0.405
2026-04-01 18:00:00+00:00,37.375,-6.0,15.0,24.286999,29.0,5.116305,21.8802,0.0,0.0,0.0,0.0,0.0,0.0,0.0,1017.6,1015.8485,0.0,0.0,0.0,0.0,47700.0,0.22,0.43598387,2.156289,10.587917,17.533146,18.671474,19.130875,17.818983,19.179106,19.133741,19.798973,28.08,22.387,21.587,20.687,26.237,23.637,17.437,16.786999,0.294,0.311,0.332,0.36,0.405
2026-04-01 19:00:00+00:00,37.375,-6.0,15.0,24.036999,30.0,5.3883476,21.320665,0.0,0.0,0.0,0.0,0.0,0.0,1.0,1017.5,1015.7475,6.0,6.0,0.0,0.0,47820.0,0.17,0.32058153,2.094308,10.829959,19.242327,20.724247,21.518847,15.42223,17.418066,17.17599,17.525654,28.44,22.687,21.987,21.087,24.087,23.237,17.786999,16.786999,0.293,0.31,0.331,0.359,0.405
2026-04-01 20:00:00+00:00,37.375,-6.0,15.0,23.237,30.0,4.6960244,20.756702,0.0,0.0,0.0,0.0,0.0,0.0,0.0,1017.7,1015.9423,0.0,0.0,0.0,0.0,48080.0,0.12,0.17535187,1.9959896,8.209263,18.1041,20.380579,21.9718,15.255177,17.354122,17.474865,18.138186,27.0,22.786999,22.187,21.286999,21.337,22.687,18.036999,16.737,0.294,0.31,0.331,0.359,0.405
2026-04-01 21:00:00+00:00,37.375,-6.0,15.0,20.837,36.0,5.2130175,18.757214,0.0,0.0,0.0,0.0,0.0,0.0,0.0,1018.0,1016.22754,0.0,0.0,0.0,0.0,44980.0,0.06,0.05985279,1.576847,6.2145634,21.288757,25.509243,28.312117,349.99207,3.8784592,8.930518,11.738544,19.08,22.387,21.987,21.286999,17.987,21.487,18.237,16.737,0.296,0.31,0.331,0.359,0.405
2026-04-01 22:00:00+00:00,37.375,-6.0,15.0,18.937,41.0,5.3904057,16.739159,0.0,0.0,0.0,0.0,0.0,0.0,0.0,1018.7,1016.91486,0.0,0.0,0.0,0.0,43300.0,0.04,0.05510359,1.2924008,7.289444,26.042212,31.682047,35.821354,339.77505,354.4471,0.6510448,5.767799,16.199999,21.387,21.387,20.887,16.536999,20.036999,18.286999,16.737,0.298,0.31,0.331,0.359,0.405
2026-04-01 23:00:00+00:00,37.375,-6.0,15.0,17.937,44.0,5.5052123,15.745052,0.0,0.0,0.0,0.0,0.0,0.0,0.0,1019.0,1017.2079,0.0,0.0,0.0,0.0,42800.0,0.04,0.05076173,1.152271,7.42159,26.368616,33.40055,39.601635,337.1663,345.774,352.5687,359.47916,18.359999,20.187,20.487,20.187,15.787001,18.837,18.286999,16.737,0.3,0.311,0.33,0.359,0.405
2026-04-02 00:00:00+00:00,37.375,-6.0,15.0,17.187,49.0,6.3782296,15.492355,0.0,0.0,0.0,0.0,0.0,0.0,0.0,1018.9,1017.10364,0.0,0.0,0.0,0.0,41940.0,0.03,0.028384902,1.0009319,5.3517847,20.833395,28.312117,35.397354,340.3461,341.87805,348.26144,355.33322,16.56,19.687,19.887,19.786999,14.937,17.837,18.237,16.737,0.302,0.312,0.33,0.359,0.405
2026-04-02 01:00:00+00:00,37.375,-6.0,15.0,16.087,52.0,6.2265077,14.407124,0.0,0.0,0.0,0.0,0.0,0.0,0.0,1018.7,1016.8969,0.0,0.0,0.0,0.0,41520.0,0.02,0.022203704,0.87854064,5.0142193,19.137648,25.212852,31.32207,338.9624,343.61038,350.13425,359.34146,12.24,19.187,19.286999,19.286999,13.987,16.887,18.337,16.737,0.304,0.312,0.33,0.359,0.405
2026-04-02 02:00:00+00:00,37.375,-6.0,15.0,15.237,54.0,5.9850397,13.469549,0.0,0.0,0.0,0.0,0.0,0.0,0.0,1018.6,1016.792,0.0,0.0,0.0,0.0,41300.0,0.02,0.021299383,0.79740024,5.2416787,19.48661,25.60053,31.845251,344.05453,348.2749,356.77554,5.8394065,11.159999,18.887,19.187,19.187,13.237,16.087,18.387,16.737,0.306,0.313,0.33,0.359,0.405
2026-04-02 03:00:00+00:00,37.375,-6.0,15.0,14.587001,54.0,5.380721,12.686579,0.0,0.0,0.0,0.0,0.0,0.0,0.0,1018.5,1016.6881,0.0,0.0,0.0,0.0,41280.0,0.02,0.020772181,0.7647607,5.2416787,20.598795,26.67889,31.63087,344.05453,354.98697,3.0939984,11.821464,11.5199995,18.786999,19.187,18.887,12.587001,15.387,18.187,16.737,0.307,0.314,0.33,0.359,0.405
2026-04-02 04:00:00+00:00,37.375,-6.0,15.0,13.987,54.0,4.8227887,11.902414,0.0,0.0,0.0,0.0,0.0,0.0,0.0,1018.2,1016.38477,0.0,0.0,0.0,0.0,41220.0,0.02,0.023088926,0.73567784,5.6920996,21.791153,26.649727,29.655787,341.56494,352.40543,1.5481218,10.491434,12.24,18.387,18.687,18.187,11.937,14.887,17.987,16.737,0.309,0.315,0.33,0.359,0.405
2026-04-02 05:00:00+00:00,37.375,-6.0,15.0,13.337001,57.0,4.99234,11.427648,0.0,0.0,0.0,0.0,0.0,0.0,0.0,1017.9,1016.0812,0.0,0.0,0.0,0.0,40860.0,0.02,0.014306979,0.65926516,4.73506,19.134262,23.803596,26.807312,351.2539,355.68405,3.46817,14.782774,12.24,17.487,17.887,17.487,11.437,14.487,17.786999,16.737,0.31,0.315,0.33,0.359,0.405
2026-04-02 06:00:00+00:00,37.375,-6.0,15.0,12.587001,60.0,5.0249786,10.742949,0.0,0.0,0.0,0.0,0.0,0.0,0.0,1017.9,1016.0765,0.0,0.0,0.0,0.0,40400.0,0.02,0.009393558,0.58395106,4.3349743,16.923828,21.129885,24.94413,355.23645,1.218852,8.820306,20.265789,10.799999,16.687,17.286999,17.286999,10.787001,14.037001,17.536999,16.786999,0.311,0.316,0.33,0.359,0.405
2026-04-02 07:00:00+00:00,37.375,-6.0,15.0,11.887,62.0,4.835161,10.099864,0.0,0.0,0.0,0.0,0.0,0.0,0.0,1018.0,1016.1718,0.0,0.0,0.0,0.0,40260.0,0.01,0.004207929,0.5298229,3.671294,13.779114,17.87718,21.868332,11.3098955,19.855309,25.016869,32.905247,9.36,15.887,16.786999,16.987,10.087001,13.487,17.286999,16.786999,0.312,0.316,0.33,0.359,0.405
2026-04-02 08:00:00+00:00,37.375,-6.0,15.0,11.037001,65.0,4.7066927,9.128539,0.0,0.0,0.0,0.0,0.0,0.0,0.0,1018.8,1016.9649,0.0,0.0,0.0,0.0,39720.0,0.01,0.005240015,0.46133476,4.32,14.799459,18.204042,21.434364,360.0,18.435053,24.537718,29.147985,9.36,15.087001,16.387,16.587,9.787001,12.987,17.036999,16.837,0.313,0.317,0.331,0.359,0.405
2026-04-02 09:00:00+00:00,37.375,-6.0,15.0,10.987,68.0,5.3071165,9.299992,0.0,0.0,0.0,0.0,0.0,0.0,0.0,1019.4,1017.5635,0.0,0.0,0.0,0.0,39000.0,0.01,0.012934649,0.42039078,3.671294,12.72283,16.1198,18.875126,11.3098955,25.114815,29.427368,34.90257,9.0,14.687,16.187,16.387,10.687,12.637,16.786999,16.837,0.314,0.318,0.331,0.359,0.405
2026-04-02 10:00:00+00:00,37.375,-6.0,15.0,12.987,63.0,6.10667,11.46351,0.0,0.0,0.0,0.0,0.0,0.0,0.0,1019.7,1017.8758,0.0,0.0,0.0,0.0,39380.0,0.03,0.101346925,0.55446017,3.7585104,11.119281,14.336861,16.80857,16.699326,29.054508,38.884502,46.73567,10.08,14.187,15.787001,15.987,15.337001,12.887,16.536999,16.837,0.314,0.318,0.331,0.359,0.405
2026-04-02 11:00:00+00:00,37.375,-6.0,15.0,16.187,50.0,5.7510133,14.447163,0.0,0.0,0.0,0.0,0.0,0.0,0.0,1020.3,1018.4947,0.0,0.0,0.0,0.0,41200.0,0.10000001,0.23486754,0.92100686,4.6938257,6.489992,14.799459,17.673029,32.471172,33.6901,48.94529,56.63362,14.04,14.487,15.487,15.587001,20.536999,13.987,16.387,16.887,0.312,0.318,0.331,0.359,0.405
2026-04-02 12:00:00+00:00,37.375,-6.0,15.0,19.237,42.0,6.008604,17.881094,0.0,0.0,0.0,0.0,0.0,0.0,0.0,1020.3,1018.5136,0.0,0.0,0.0,0.0,42440.0,0.17,0.37368363,1.2944281,5.991594,8.587338,9.387651,10.1887,57.264786,56.976128,57.528828,57.99466,16.56,17.087,16.387,15.487,24.286999,16.337,16.387,16.887,0.309,0.317,0.331,0.358,0.404
2026-04-02 13:00:00+00:00,37.375,-6.0,15.0,20.987,34.0,4.525254,20.02846,0.0,0.0,0.0,0.0,0.0,0.0,0.0,1019.8,1018.02527,0.0,0.0,0.0,0.0,45140.0,0.23,0.49005556,1.6411984,7.289444,10.495713,10.966713,11.440979,69.775055,67.83361,66.801384,65.85446,20.519999,18.587,17.786999,16.887,26.937,18.786999,16.487,16.887,0.305,0.316,0.331,0.358,0.404
2026-04-02 14:00:00+00:00,37.375,-6.0,15.0,22.137,32.0,4.6646066,21.98543,0.0,0.0,0.0,0.0,0.0,0.0,0.0,1019.2,1017.4331,0.0,0.0,0.0,0.0,45880.0,0.27,0.5599708,1.8139915,6.12,7.729527,8.217153,8.217153,61.92762,62.24156,61.189304,61.189304,20.519999,19.487,18.687,17.786999,28.837,20.887,16.437,16.887,0.3,0.314,0.33,0.358,0.404
2026-04-02 15:00:00+00:00,37.375,-6.0,15.0,23.337,29.0,4.297468,23.693771,0.0,0.0,0.0,0.0,0.0,0.0,0.0,1018.5,1016.7416,0.0,0.0,0.0,0.0,46740.0,0.28000003,0.5933675,2.0367687,4.2136917,5.95906,5.634891,5.634891,70.01681,64.98315,63.435013,63.435013,16.56,20.687,19.786999,18.887,29.487,22.387,16.687,16.887,0.296,0.312,0.33,0.358,0.404
2026-04-02 16:00:00+00:00,37.375,-6.0,15.0,24.187,27.0,4.0077686,24.741514,0.0,0.0,0.0,0.0,0.0,0.0,0.0,1017.7,1015.9478,0.0,0.0,0.0,0.0,47600.0,0.28000003,0.57120174,2.2038682,1.8,2.6208394,2.7416782,2.7416782,90.0,74.054535,66.801384,66.801384,10.08,21.786999,20.987,19.987,29.137,23.487,16.987,16.837,0.292,0.31,0.329,0.357,0.404
2026-04-02 17:00:00+00:00,37.375,-6.0,15.0,24.637,27.0,4.3923225,24.57602,0.0,0.0,0.0,0.0,0.0,0.0,0.0,1017.1,1015.35156,0.0,0.0,0.0,0.0,48460.0,0.26,0.5046904,2.2639322,1.9386592,1.8,1.5273507,1.2979984,201.80147,216.86998,224.9999,213.6901,7.2,22.487,21.786999,20.887,28.187,24.137,17.337,16.837,0.289,0.308,0.329,0.357,0.404
2026-04-02 18:00:00+00:00,37.375,-6.0,15.0,24.786999,29.0,5.5471063,23.432737,0.0,0.0,0.0,0.0,0.0,0.0,2.0,1016.7,1014.953,24.0,0.0,23.0,14.0,47040.0,0.23,0.4234372,2.221617,5.3517847,8.669949,9.178235,9.422101,222.27362,228.36655,228.17992,226.54811,11.879999,22.987,22.187,21.286999,26.637,24.387,17.687,16.837,0.288,0.307,0.329,0.357,0.404
2026-04-02 19:00:00+00:00,37.375,-6.0,15.0,24.536999,32.0,6.7575083,22.444,0.0,0.0,0.0,0.0,0.0,0.0,2.0,1016.5,1014.752,48.0,0.0,46.0,27.0,45640.0,0.20000002,0.32074755,2.0961592,8.669949,16.08761,17.610588,18.864824,228.36655,229.53786,229.14471,228.09415,20.16,23.187,22.286999,21.387,24.437,24.187,18.036999,16.786999,0.288,0.306,0.328,0.357,0.404
2026-04-02 20:00:00+00:00,37.375,-6.0,15.0,23.587,37.0,8.048113,21.547974,0.0,0.0,0.0,0.0,0.0,0.0,2.0,1016.5,1014.74634,72.0,0.0,69.0,41.0,44220.0,0.16,0.19763143,1.8344549,10.464797,20.240198,21.533897,22.039528,229.18501,231.49931,231.78893,231.63248,25.199999,22.887,22.187,21.286999,22.137,23.587,18.337,16.786999,0.289,0.305,0.328,0.357,0.404
2026-04-02 21:00:00+00:00,37.375,-6.0,15.0,21.437,46.0,9.336921,19.926807,0.0,0.0,0.0,0.0,0.0,0.0,0.0,1016.9,1015.1329,48.0,0.0,46.0,27.0,42820.0,0.12,0.06614005,1.3800968,9.178235,17.873556,16.58346,14.24163,228.17992,235.66972,242.87877,249.27435,23.4,21.786999,21.687,21.087,19.637,22.387,18.536999,16.786999,0.291,0.305,0.328,0.357,0.404
2026-04-02 22:00:00+00:00,37.375,-6.0,15.0,18.637,57.0,9.949603,17.746614,0.0,0.0,0.0,0.0,0.0,0.0,0.0,1017.5,1015.715,24.0,0.0,23.0,14.0,41420.0,0.07000001,0.027164137,0.92429876,6.1094027,12.245293,9.255571,10.383987,224.9999,245.69547,283.49576,326.3099,18.0,20.286999,20.987,20.786999,17.036999,20.737,18.637,16.786999,0.293,0.306,0.327,0.357,0.404
2026-04-02 23:00:00+00:00,37.375,-6.0,15.0,16.337,64.0,9.5121975,15.769939,0.0,0.0,0.0,0.0,0.0,0.0,0.0,1018.1,1016.29956,0.0,0.0,0.0,0.0,40020.0,0.04,0.0008788574,0.66940165,3.0547013,7.2,10.829958,19.09358,224.9999,270.0,338.5522,2.1610355,13.679999,19.087,20.286999,20.387,14.887,19.237,18.687,16.786999,0.296,0.307,0.327,0.357,0.404
2026-04-03 00:00:00+00:00,37.375,-6.0,15.0,15.187,63.0,8.189533,14.502985,0.0,0.0,0.0,0.0,0.0,0.0,0.0,1018.5,1016.69183,0.0,0.0,0.0,0.0,40420.0,0.02,0.0,0.63929033,1.4399999,6.1305785,13.698934,22.253124,270.0,319.7637,356.98727,9.309866,11.159999,18.786999,19.786999,19.786999,13.487,17.987,18.737,16.786999,0.299,0.308,0.327,0.357,0.404
2026-04-03 01:00:00+00:00,37.375,-6.0,15.0,14.537001,58.0,6.3676224,13.242302,0.0,0.0,0.0,0.0,0.0,0.0,0.0,1018.8,1016.9872,0.0,0.0,0.0,0.0,40800.0,0.01,0.0006980018,0.69599473,2.5959969,9.746631,15.273505,22.180206,326.3099,355.76367,8.130019,13.134034,9.36,18.887,19.387,19.187,12.537001,16.837,18.786999,16.786999,0.302,0.309,0.327,0.357,0.404
2026-04-03 02:00:00+00:00,37.375,-6.0,15.0,13.987,55.0,5.086235,12.173489,0.0,0.0,0.0,0.0,0.0,0.0,0.0,1019.1,1017.28314,0.0,0.0,0.0,0.0,41200.0,0.01,0.012958336,0.71968096,4.2136917,13.556282,16.965895,21.868332,340.0168,10.713074,17.281584,20.224945,8.64,18.786999,18.887,18.487,11.837001,15.887,18.737,16.786999,0.304,0.31,0.327,0.357,0.404
2026-04-03 03:00:00+00:00,37.375,-6.0,15.0,13.287001,56.0,4.6916986,11.314782,0.0,0.0,0.0,0.0,0.0,0.0,0.0,1019.3,1017.4783,0.0,0.0,0.0,0.0,40820.0,0.01,0.015049487,0.6724074,4.73506,16.394829,19.483284,23.090569,351.2539,19.23077,27.511923,30.963696,9.36,17.987,18.187,17.786999,11.387,15.137,18.587,16.786999,0.305,0.311,0.327,0.357,0.404
2026-04-03 04:00:00+00:00,37.375,-6.0,15.0,12.687,60.0,5.119149,10.760098,0.0,0.0,0.0,0.0,0.0,0.0,0.0,1019.5,1017.6742,0.0,0.0,0.0,0.0,40420.0,0.02,0.013272359,0.5877863,5.04,18.193361,22.180206,25.741888,360.0,27.072004,35.75398,42.16582,10.799999,16.987,17.387,17.087,11.187,14.587001,18.286999,16.837,0.306,0.311,0.327,0.356,0.404
2026-04-03 05:00:00+00:00,37.375,-6.0,15.0,12.087001,62.0,5.0242457,10.132545,0.0,0.0,0.0,0.0,0.0,0.0,0.0,1019.8,1017.9698,0.0,0.0,0.0,0.0,40040.0,0.02,0.011608346,0.53684205,5.0911684,19.881649,24.522314,28.312117,8.130019,31.675428,40.236294,48.608574,11.879999,16.087,16.587,16.387,10.887,14.087001,18.036999,16.837,0.307,0.312,0.327,0.356,0.404
2026-04-03 06:00:00+00:00,37.375,-6.0,15.0,11.237,64.0,4.6745505,9.200191,0.0,0.0,0.0,0.0,0.0,0.0,0.0,1020.2,1018.36365,0.0,0.0,0.0,0.0,39980.0,0.02,0.0099024875,0.48084682,5.1544156,21.26744,26.28,30.10685,12.094739,33.959103,41.11199,48.878624,11.5199995,15.287001,15.887,15.787001,9.937,13.487,17.786999,16.837,0.308,0.313,0.327,0.356,0.404
2026-04-03 07:00:00+00:00,37.375,-6.0,15.0,10.437,64.0,3.915249,8.2842865,0.0,0.0,0.0,0.0,0.0,0.0,0.0,1020.7,1018.8576,0.0,0.0,0.0,0.0,39920.0,0.02,0.008351863,0.45596552,4.896529,22.180206,27.059933,31.828968,17.102825,35.75398,40.683887,46.37476,11.159999,14.687,15.287001,15.187,8.937,12.937,17.487,16.887,0.309,0.313,0.328,0.356,0.404
2026-04-03 08:00:00+00:00,37.375,-6.0,15.0,10.487,63.0,3.738611,8.282434,0.0,0.0,0.0,0.0,0.0,0.0,0.0,1021.2,1019.3571,0.0,0.0,0.0,0.0,39860.0,0.02,0.009648702,0.4701959,5.0142193,21.599998,26.826641,32.32992,21.037588,36.86998,40.10085,45.451088,11.5199995,14.287001,14.787001,14.687,9.287001,12.687,17.237,16.887,0.31,0.314,0.328,0.356,0.404
2026-04-03 09:00:00+00:00,37.375,-6.0,15.0,11.937,58.0,3.9291513,9.679325,0.0,0.0,0.0,0.0,0.0,0.0,0.0,1021.8,1019.9652,0.0,0.0,0.0,0.0,40660.0,0.03,0.020098316,0.5875335,5.634891,18.723461,24.485292,32.353966,26.564985,37.97166,41.42357,47.254597,13.679999,14.187,14.287001,14.187,11.937,12.637,16.987,16.887,0.31,0.314,0.328,0.356,0.404
2026-04-03 10:00:00+00:00,37.375,-6.0,15.0,14.287001,51.0,4.282853,11.930998,0.0,0.0,0.0,0.0,0.0,0.0,0.0,1022.5,1020.679,0.0,0.0,0.0,0.0,41480.0,0.04,0.12775506,0.79902804,6.792466,14.618837,20.88,31.435646,32.005356,37.99879,43.602894,50.110477,16.56,14.387,13.987,13.787001,15.987,12.887,16.737,16.937,0.31,0.314,0.328,0.356,0.403
2026-04-03 11:00:00+00:00,37.375,-6.0,15.0,16.587,44.0,4.280463,14.055048,0.0,0.0,0.0,0.0,0.0,0.0,0.0,1022.9,1021.0928,0.0,0.0,0.0,0.0,42280.0,0.06,0.24237633,1.058136,7.9932966,12.496718,18.335276,29.808346,35.837746,41.49638,46.5911,52.853233,20.16,14.987,14.287001,13.987,19.687,13.737,16.536999,16.937,0.308,0.314,0.328,0.356,0.403
2026-04-03 12:00:00+00:00,37.375,-6.0,15.0,18.687,37.0,3.697947,16.027132,0.0,0.0,0.0,0.0,0.0,0.0,0.0,1022.9,1021.1059,0.0,0.0,0.0,0.0,44860.0,0.11,0.3632253,1.3587172,9.673221,13.783817,18.440998,27.36947,44.999897,49.236485,51.34017,54.63746,24.48,16.387,15.587001,15.087001,22.737,15.687,16.437,16.937,0.305,0.313,0.328,0.356,0.403
2026-04-03 13:00:00+00:00,37.375,-6.0,15.0,20.786999,31.0,3.0366266,18.63202,0.0,0.0,0.0,0.0,0.0,0.0,0.0,1022.5,1020.71936,0.0,0.0,0.0,0.0,47420.0,0.18,0.48398778,1.6949141,11.592894,17.0763,19.67195,24.162947,53.84173,55.304783,55.43741,56.546673,29.16,18.187,17.387,16.687,25.536999,18.237,16.487,16.987,0.3,0.312,0.328,0.355,0.403
2026-04-03 14:00:00+00:00,37.375,-6.0,15.0,22.536999,26.0,2.0664413,20.69267,0.0,0.0,0.0,0.0,0.0,0.0,0.0,1022.1,1020.33057,0.0,0.0,0.0,0.0,50000.0,0.23,0.57932115,2.0227132,12.4811535,19.272614,20.26899,21.068459,56.768288,57.200474,56.592163,56.852993,32.399998,19.887,19.087,18.187,27.536999,20.437,16.536999,16.987,0.296,0.31,0.328,0.355,0.403
2026-04-03 15:00:00+00:00,37.375,-6.0,15.0,23.837,24.0,2.0457716,22.290888,0.0,0.0,0.0,0.0,0.0,0.0,0.0,1021.5,1019.7393,0.0,0.0,0.0,0.0,50660.0,0.26,0.6239214,2.2468925,12.096214,18.504139,19.008545,19.008545,53.471054,52.907085,52.695976,52.695976,32.760002,21.187,20.286999,19.387,28.687,22.036999,16.687,16.987,0.292,0.308,0.327,0.355,0.403
2026-04-03 16:00:00+00:00,37.375,-6.0,15.0,24.786999,24.0,2.8467298,23.431492,0.0,0.0,0.0,0.0,0.0,0.0,0.0,1020.8,1019.04596,0.0,0.0,0.0,0.0,51320.0,0.27,0.61597043,2.3782454,10.948973,16.800856,17.309975,17.81909,43.667847,44.999897,44.999897,44.999897,31.68,22.187,21.387,20.487,29.087,23.286999,16.887,16.937,0.288,0.307,0.327,0.355,0.403
2026-04-03 17:00:00+00:00,37.375,-6.0,15.0,25.337,24.0,3.310233,23.776915,0.0,0.0,0.0,0.0,0.0,0.0,0.0,1020.2,1018.4505,0.0,0.0,0.0,0.0,51980.0,0.27,0.55678874,2.4573123,9.504272,14.84318,15.349684,16.135872,37.30404,39.09386,39.289394,38.65983,29.16,23.087,22.286999,21.387,28.637,24.087,17.187,16.937,0.285,0.305,0.326,0.355,0.403
2026-04-03 18:00:00+00:00,37.375,-6.0,15.0,25.536999,24.0,3.4787388,23.546305,0.0,0.0,0.0,0.0,0.0,0.0,0.0,1019.9,1018.152,0.0,0.0,0.0,0.0,52560.0,0.25,0.44518626,2.486626,6.9153743,11.753876,12.031756,12.819235,38.65983,40.030197,38.92756,38.157276,25.199999,23.786999,22.987,22.087,27.137,24.387,17.587,16.937,0.283,0.303,0.326,0.355,0.403
2026-04-03 19:00:00+00:00,37.375,-6.0,15.0,25.387,24.0,3.3523602,23.23755,0.0,0.0,0.0,0.0,0.0,0.0,0.0,1019.8,1018.05115,0.0,0.0,0.0,0.0,53140.0,0.21000002,0.2924813,2.4646115,4.1046314,7.8954163,8.654987,8.669949,52.124958,46.8476,44.999897,41.63345,20.519999,24.286999,23.587,22.587,24.837,24.187,17.987,16.887,0.282,0.302,0.325,0.354,0.403
2026-04-03 20:00:00+00:00,37.375,-6.0,15.0,24.687,25.0,3.3395782,22.801935,0.0,0.0,0.0,0.0,0.0,0.0,0.0,1019.9,1018.14716,0.0,0.0,0.0,0.0,53720.0,0.17,0.12698363,2.332972,2.2768397,5.991594,6.9153743,7.386582,71.564964,57.264786,51.34017,46.97493,15.84,24.387,23.786999,22.887,22.387,23.587,18.337,16.887,0.283,0.301,0.325,0.354,0.403
2026-04-03 21:00:00+00:00,37.375,-6.0,15.0,23.237,27.0,3.1956105,21.394697,0.0,0.0,0.0,0.0,0.0,0.0,0.0,1020.4,1018.6377,0.0,0.0,0.0,0.0,51400.0,0.12,0.0,2.0816126,1.8,6.9153743,8.913181,10.44,53.13002,51.34017,46.636536,43.602894,11.879999,24.087,23.587,22.887,19.837,22.387,18.536999,16.887,0.286,0.301,0.325,0.354,0.403
2026-04-03 22:00:00+00:00,37.375,-6.0,15.0,21.286999,30.0,3.0072646,19.293884,0.0,0.0,0.0,0.0,0.0,0.0,0.0,1021.1,1019.32465,0.0,0.0,0.0,0.0,49060.0,0.06,0.018545942,1.7730302,2.5959969,9.422101,12.496718,16.055355,33.6901,43.451904,41.49638,42.27363,7.92,23.387,23.087,22.687,17.187,20.687,18.637,16.887,0.29,0.303,0.325,0.354,0.403
2026-04-03 23:00:00+00:00,37.375,-6.0,15.0,19.387,34.0,3.1180153,17.295631,0.0,0.0,0.0,0.0,0.0,0.0,0.0,1021.6,1019.81226,0.0,0.0,0.0,0.0,46740.0,0.02,0.024618138,1.4868734,3.4152596,11.525623,15.580141,20.150354,18.435053,38.65983,40.314034,41.37842,5.7599998,22.487,22.487,22.286999,15.037001,19.187,18.687,16.887,0.294,0.304,0.325,0.354,0.403
2026-04-04 00:00:00+00:00,37.375,-6.0,15.0,17.786999,39.0,3.6435208,15.796328,0.0,0.0,0.0,0.0,0.0,0.0,0.0,1021.9,1020.10187,0.0,0.0,0.0,0.0,45380.0,0.01,0.020044453,1.243428,3.4152596,12.031756,16.595179,21.142147,18.435053,38.92756,40.601215,42.92997,5.7599998,21.387,21.786999,21.786999,13.687,17.987,18.737,16.887,0.296,0.305,0.325,0.354,0.403
2026-04-04 01:00:00+00:00,37.375,-6.0,15.0,16.286999,44.0,4.0082126,14.466442,0.0,0.0,0.0,0.0,0.0,0.0,0.0,1022.0,1020.19244,0.0,0.0,0.0,0.0,44000.0,0.02,0.0097357305,1.0381565,2.7416782,12.261157,16.563911,20.87379,23.198618,40.236294,42.357407,44.999897,7.2,20.087,20.987,21.087,12.787001,16.937,18.786999,16.887,0.298,0.306,0.324,0.354,0.403
2026-04-04 02:00:00+00:00,37.375,-6.0,15.0,14.937,48.0,4.016362,13.165916,0.0,0.0,0.0,0.0,0.0,0.0,0.0,1022.0,1020.184,0.0,0.0,0.0,0.0,42640.0,0.02,0.004350073,0.88424367,2.4149535,11.480557,15.782622,19.406637,26.564985,41.185825,44.999897,49.51408,7.92,19.087,20.187,20.487,12.037001,16.036999,18.737,16.887,0.299,0.307,0.324,0.354,0.403
2026-04-04 03:00:00+00:00,37.375,-6.0,15.0,13.837001,49.0,3.2990968,11.879013,0.0,0.0,0.0,0.0,0.0,0.0,0.0,1021.9,1020.0772,0.0,0.0,0.0,0.0,42560.0,0.01,0.0061513702,0.8077705,2.7416782,9.422101,13.044722,16.299694,23.198618,43.451904,50.59937,59.470375,6.8399997,18.487,19.687,19.887,11.287001,15.237,18.587,16.887,0.301,0.308,0.324,0.354,0.403
2026-04-04 04:00:00+00:00,37.375,-6.0,15.0,12.937,50.0,2.7559128,10.828873,0.0,0.0,0.0,0.0,0.0,0.0,0.0,1021.8,1019.9716,0.0,0.0,0.0,0.0,42500.0,0.01,0.007824292,0.7468703,3.0758414,6.8777895,9.659814,13.358861,20.556128,42.878906,63.435013,75.96373,5.3999996,18.087,19.187,19.387,10.637,14.587001,18.286999,16.937,0.302,0.308,0.325,0.354,0.402
2026-04-04 05:00:00+00:00,37.375,-6.0,15.0,12.137,51.0,2.2961302,9.89618,0.0,0.0,0.0,0.0,0.0,0.0,0.0,1021.7,1019.86676,0.0,0.0,0.0,0.0,42420.0,-0.0,0.0093421275,0.69454813,3.4152596,6.1094027,8.654986,12.964998,18.435053,44.999897,73.07241,88.4089,4.68,17.587,18.587,18.786999,10.137,13.987,18.036999,16.937,0.304,0.309,0.325,0.354,0.402
2026-04-04 06:00:00+00:00,37.375,-6.0,15.0,11.504251,55.25,2.835527,9.292688,0.0,0.0,0.0,0.0,0.0,0.0,0.0,1021.8,1019.9625,0.0,0.0,0.0,0.0,34580.0,-0.0,0.009507191,0.60837775,3.8918903,8.65874,11.79742,15.42768,13.091185,44.2345,64.19273,78.91695,6.839999,16.72925,17.62925,18.10425,9.554251,13.19175,17.52925,16.86675,0.26775,0.2775,0.29725,0.32950002,0.37925002
2026-04-04 07:00:00+00:00,37.375,-6.0,15.0,10.821501,60.5,3.4790835,8.640615,0.0,0.0,0.0,0.0,0.0,0.0,0.0,1022.0,1020.1577,0.0,0.0,0.0,0.0,28930.0,0.01,0.009160081,0.51341856,4.507487,12.496876,16.776743,20.092154,13.691732,45.287193,56.852493,67.33738,9.36,15.6715,16.571499,17.4215,9.0965,12.571501,16.9965,16.821499,0.2315,0.245,0.2695,0.305,0.3565
2026-04-04 08:00:00+00:00,37.375,-6.0,15.0,10.32625,63.5,3.6972375,8.162376,0.0,0.0,0.0,0.0,0.0,0.0,0.0,1022.1,1020.25433,0.0,0.0,0.0,0.0,25445.0,0.01,0.0076752203,0.45901558,4.68,14.791855,20.208437,23.506762,106.964935,46.27467,54.671482,63.146656,11.159999,14.91375,15.88875,16.93875,8.71375,12.13875,16.53875,16.73875,0.19525,0.21275,0.24175,0.2805,0.33375
2026-04-04 09:00:00+00:00,37.375,-6.0,15.0,13.206,62.0,6.082019,11.437538,0.0,0.0,0.0,0.0,0.0,0.0,0.0,1023.1,1021.27124,0.0,0.0,0.0,0.0,24140.0,0.0,0.020661669,0.57764107,5.3999996,13.392774,20.68356,28.01531,36.86998,53.74608,58.52322,64.09355,12.599999,16.056,16.256,16.756,12.706,13.356,16.456,16.806,0.164,0.182,0.215,0.256,0.311
2026-04-04 10:00:00+00:00,37.375,-6.0,15.0,15.656,55.0,6.641294,13.577431,0.0,0.0,0.0,0.0,0.0,0.0,0.0,1023.6,1021.78564,0.0,0.0,0.0,0.0,24140.0,0.0,0.13634594,0.8012693,8.404285,14.113652,23.773632,33.014175,46.73567,52.253136,57.99466,64.83217,17.64,15.956,15.7560005,16.456,17.506,14.306,16.206,16.806,0.164,0.183,0.214,0.256,0.311
2026-04-04 11:00:00+00:00,37.375,-6.0,15.0,18.106,49.0,7.2223496,15.88899,0.0,0.0,0.0,0.0,0.0,0.0,0.0,1023.9,1022.10065,0.0,0.0,0.0,0.0,24140.0,0.0,0.25182372,1.060528,10.296251,14.689588,24.696104,34.651752,53.530666,53.972538,59.322803,66.097946,22.319998,16.456,15.956,16.656,22.006,15.706,16.105999,16.806,0.163,0.183,0.214,0.256,0.311
2026-04-04 12:00:00+00:00,37.375,-6.0,15.0,20.406,44.0,7.743582,18.291464,0.0,0.0,0.0,0.0,0.0,0.0,0.0,1023.7,1021.915,0.0,0.0,0.0,0.0,24140.0,0.0,0.37021935,1.3435206,11.435313,15.141414,22.539564,30.21642,61.821507,61.60708,63.435013,68.325294,26.64,17.956,17.356,17.656,25.756,17.706,16.206,16.806,0.16,0.183,0.214,0.256,0.311
2026-04-04 13:00:00+00:00,37.375,-6.0,15.0,22.806,38.0,7.746319,21.486591,0.0,0.0,0.0,0.0,0.0,0.0,0.0,1023.3,1021.5301,0.0,0.0,0.0,0.0,24140.0,0.0,0.49239412,1.7222658,12.0694,15.484185,19.011953,22.55106,72.64589,72.40749,71.22187,73.300674,30.239998,20.156,19.456,19.056,29.156,20.156,16.406,16.756,0.157,0.182,0.213,0.255,0.311
2026-04-04 14:00:00+00:00,37.375,-6.0,15.0,24.656,34.0,7.748209,24.034437,0.0,0.0,0.0,0.0,0.0,0.0,0.0,1022.8,1021.04175,0.0,0.0,0.0,0.0,24140.0,0.0,0.5846288,2.0489357,11.720751,15.03835,15.39184,15.745627,79.380394,78.95911,79.21575,79.46087,30.960001,21.956,21.256,20.356,31.506,22.256,16.756,16.756,0.153,0.182,0.213,0.255,0.311
2026-04-04 15:00:00+00:00,37.375,-6.0,15.0,25.856,31.0,7.440793,25.785622,0.0,0.0,0.0,0.0,0.0,0.0,0.0,1022.1,1020.35004,0.0,0.0,0.0,0.0,24140.0,0.0,0.62224954,2.3003426,9.47012,12.015589,11.252519,10.853866,81.25392,81.38444,82.64771,84.2895,26.64,23.156,22.356,21.356,32.455997,23.906,17.206,16.756,0.149,0.181,0.213,0.255,0.311
2026-04-04 16:00:00+00:00,37.375,-6.0,15.0,26.556,29.0,7.0703535,26.889894,0.0,0.0,0.0,0.0,0.0,0.0,0.0,1021.2,1019.4558,0.0,0.0,0.0,0.0,24140.0,0.0,0.5980766,2.4668074,5.8048253,7.2359104,6.87779,6.849467,82.875084,84.2895,83.99109,86.98728,19.8,23.956,23.256,22.256,32.406,25.256,17.756,16.806,0.145,0.181,0.212,0.254,0.31
2026-04-04 17:00:00+00:00,37.375,-6.0,15.0,26.906,28.0,6.858924,27.10921,0.0,0.0,0.0,0.0,0.0,0.0,0.0,1020.6,1018.85864,0.0,0.0,0.0,0.0,24140.0,0.0,0.5183306,2.5535312,2.9024127,3.6179552,3.6179552,3.9763298,82.875084,84.2895,84.2895,84.805664,13.679999,24.556,23.856,22.956,31.456,26.006,18.306,16.806,0.142,0.18,0.212,0.254,0.31
2026-04-04 18:00:00+00:00,37.375,-6.0,15.0,27.006,28.0,6.9446197,26.435505,0.0,0.0,0.0,0.0,0.0,0.0,0.0,1020.4,1018.6597,0.0,0.0,0.0,0.0,24140.0,0.0,0.4067344,2.568541,1.9386592,2.6208394,3.0758414,3.4152596,68.19853,74.054535,69.44387,71.564964,9.36,25.056,24.356,23.356,29.456,26.056,18.806,16.806,0.14,0.179,0.212,0.254,0.31
2026-04-04 19:00:00+00:00,37.375,-6.0,15.0,26.756,29.0,7.2424793,25.77934,0.0,0.0,0.0,0.0,0.0,0.0,0.0,1020.3,1018.5583,0.0,0.0,0.0,0.0,24140.0,0.0,0.2722468,2.495958,1.8,3.096837,3.7064266,4.198285,53.13002,54.46224,60.94549,59.03632,6.12,25.356,24.556,23.556,26.606,25.556,19.256,16.856,0.138,0.179,0.211,0.253,0.31
2026-04-04 20:00:00+00:00,37.375,-6.0,15.0,25.806,32.0,7.863123,25.022532,0.0,0.0,0.0,0.0,0.0,0.0,0.0,1020.5,1018.7525,0.0,0.0,0.0,0.0,24140.0,0.0,0.123210125,2.260273,1.5273507,2.3051248,2.8116899,3.096837,44.999897,38.65983,39.805527,35.537766,4.68,25.056,24.356,23.456,23.756,24.656,19.606,16.856,0.138,0.178,0.211,0.253,0.31
2026-04-04 21:00:00+00:00,37.375,-6.0,15.0,23.706,38.0,8.547086,23.26914,0.0,0.0,0.0,0.0,0.0,0.0,0.0,1020.9,1019.1394,0.0,0.0,0.0,0.0,24140.0,0.0,0.0,1.8182628,0.35999998,2.8799999,4.68,5.04,270.0,270.0,270.0,270.0,7.2,23.756,23.356,22.756,21.006,23.256,19.806,16.856,0.139,0.178,0.211,0.253,0.31
2026-04-04 22:00:00+00:00,37.375,-6.0,15.0,20.956,45.0,8.573629,20.201242,0.0,0.0,0.0,0.0,0.0,0.0,0.0,1021.5,1019.72205,0.0,0.0,0.0,0.0,24140.0,0.0,0.009809951,1.3648834,2.5959969,9.0,13.202726,14.145756,236.3099,253.73972,258.9965,255.2564,11.5199995,21.756,21.856,21.656,18.306,21.456,19.906,16.906,0.14,0.177,0.21,0.253,0.31
2026-04-04 23:00:00+00:00,37.375,-6.0,15.0,18.606,52.0,8.556583,17.658335,0.0,0.0,0.0,0.0,0.0,0.0,0.0,1021.9,1020.10693,0.0,0.0,0.0,0.0,24140.0,0.0,0.015645955,1.0298382,3.8939953,12.413476,18.0036,19.296133,236.3099,253.14151,258.4654,255.96373,14.04,20.356,20.656,20.756,16.056,19.856,19.906,16.906,0.142,0.177,0.21,0.253,0.31
2026-04-05 00:00:00+00:00,37.375,-6.0,15.0,17.156,58.0,8.822337,16.413872,0.0,0.0,0.0,0.0,0.0,0.0,0.0,1022.1,1020.29767,0.0,0.0,0.0,0.0,24140.0,0.0,0.0040326687,0.822615,2.968636,10.1376915,15.856356,17.673029,255.96373,263.88458,267.3975,266.49652,12.599999,19.956,20.256,20.356,14.606,18.656,19.806,16.906,0.144,0.177,0.21,0.253,0.31
2026-04-05 01:00:00+00:00,37.375,-6.0,15.0,16.105999,63.0,9.059318,15.563591,0.0,0.0,0.0,0.0,0.0,0.0,0.0,1022.1,1020.29126,0.0,0.0,0.0,0.0,24140.0,0.0,0.0,0.6779649,2.0364676,6.439876,10.829958,13.441071,315.0001,296.56497,291.4478,290.37653,9.0,20.156,20.256,20.156,13.656,17.606,19.556,16.956,0.145,0.177,0.21,0.253,0.31
2026-04-05 02:00:00+00:00,37.375,-6.0,15.0,15.2560005,66.0,8.942529,14.503939,0.0,0.0,0.0,0.0,0.0,0.0,0.0,1022.1,1020.28577,0.0,0.0,0.0,0.0,24140.0,0.0,0.00056248665,0.59004617,3.2599385,6.638072,8.854829,11.090103,353.6599,347.4712,333.43503,324.24603,7.2,19.956,20.056,19.856,12.956,16.756,19.306,16.956,0.147,0.177,0.21,0.253,0.31
2026-04-05 03:00:00+00:00,37.375,-6.0,15.0,14.5060005,67.0,8.450533,13.469517,0.0,0.0,0.0,0.0,0.0,0.0,0.0,1022.0,1020.1813,0.0,0.0,0.0,0.0,24140.0,0.0,0.005126579,0.54572546,4.32,8.905908,9.9571085,10.182337,360.0,14.036275,12.528798,8.130019,8.28,19.056,19.256,19.356,12.456,16.056,19.056,16.956,0.148,0.177,0.21,0.253,0.31
2026-04-05 04:00:00+00:00,37.375,-6.0,15.0,13.956,67.0,7.9260635,12.678322,0.0,0.0,0.0,0.0,0.0,0.0,0.0,1021.8,1019.9781,0.0,0.0,0.0,0.0,24140.0,0.0,0.008390606,0.52666736,5.0528407,11.923557,13.830749,14.291592,4.085537,28.886486,38.65983,49.085716,10.799999,17.856,18.256,18.656,12.156,15.556,18.756,17.006,0.15,0.177,0.21,0.253,0.31
2026-04-05 05:00:00+00:00,37.375,-6.0,15.0,13.5060005,65.0,7.053628,11.956371,0.0,0.0,0.0,0.0,0.0,0.0,0.0,1021.7,1019.87573,0.0,0.0,0.0,0.0,24140.0,0.0,0.011683623,0.54251873,5.4477882,14.904173,18.723461,20.771093,7.59456,37.146767,52.02834,64.32324,12.599999,16.856,17.356,18.156,11.906,15.106,18.456,17.006,0.151,0.177,0.21,0.253,0.31
2026-04-05 06:00:00+00:00,37.375,-6.0,15.0,13.0060005,62.0,5.892982,11.167629,0.0,0.0,0.0,0.0,0.0,0.0,0.0,1021.7,1019.87244,0.0,0.0,0.0,0.0,24140.0,0.0,0.014648955,0.5701552,5.5887027,17.566378,23.773632,26.208395,14.931467,44.169785,57.99466,69.075424,12.959999,16.156,16.856,17.756,11.156,14.556,18.156,17.006,0.152,0.177,0.21,0.253,0.31
2026-04-05 07:00:00+00:00,37.375,-6.0,15.0,12.606,58.0,4.5567374,10.474764,0.0,0.0,0.0,0.0,0.0,0.0,0.0,1021.8,1019.96967,0.0,0.0,0.0,0.0,24140.0,0.0,0.018075466,0.6139173,5.634891,19.681828,28.220419,30.396025,26.564985,50.194473,60.164555,71.35037,12.599999,15.656,16.556,17.356,10.456,14.106,17.856,17.006,0.153,0.177,0.21,0.253,0.31
2026-04-05 08:00:00+00:00,37.375,-6.0,15.0,12.956,54.0,3.8638618,10.572407,0.0,0.0,0.0,0.0,0.0,0.0,0.0,1022.0,1020.17163,0.0,0.0,0.0,0.0,24140.0,0.0,0.026366506,0.6879642,6.4096174,21.385939,30.599998,33.24498,38.157276,53.901627,61.92762,72.34979,14.04,15.456,16.356,17.156,11.056,14.056,17.606,17.006,0.154,0.177,0.21,0.253,0.31
2026-04-05 09:00:00+00:00,37.375,-6.0,15.0,14.406,50.0,4.1100726,11.74365,0.0,0.0,0.0,0.0,0.0,0.0,0.0,1022.3,1020.48,0.0,0.0,0.0,0.0,24140.0,0.0,0.050140336,0.82163006,8.654987,21.67786,29.162222,34.964508,44.999897,54.46224,61.2203,73.24418,18.0,15.656,16.156,16.856,13.956,14.5060005,17.356,17.006,0.154,0.177,0.21,0.253,0.31
2026-04-05 10:00:00+00:00,37.375,-6.0,15.0,16.606,45.0,4.6190667,13.63459,0.0,0.0,0.0,0.0,0.0,0.0,0.0,1022.7,1020.8934,0.0,0.0,0.0,0.0,24140.0,0.0,0.16726767,1.0404874,11.480557,21.096123,25.683926,35.208294,48.814175,53.325558,58.76084,73.97407,23.759998,16.256,16.056,16.656,18.256,15.306,17.106,17.006,0.154,0.177,0.21,0.253,0.31
2026-04-05 11:00:00+00:00,37.375,-6.0,15.0,18.956,41.0,5.4074893,15.8717785,0.0,0.0,0.0,0.0,0.0,0.0,0.0,1022.9,1021.1075,0.0,0.0,0.0,0.0,24140.0,0.0,0.28334162,1.2939317,13.392774,20.172853,22.59699,33.973778,53.74608,55.175446,59.349415,74.63833,28.08,17.356,16.656,17.056,22.356,16.606,17.006,17.006,0.153,0.177,0.21,0.253,0.31
2026-04-05 12:00:00+00:00,37.375,-6.0,15.0,21.406,36.0,5.7165675,18.480787,0.0,0.0,0.0,0.0,0.0,0.0,0.0,1022.7,1020.92255,0.0,0.0,0.0,0.0,24140.0,0.0,0.40638876,1.6327899,14.168641,20.12461,21.603,30.735231,62.783974,63.435013,66.425285,76.45205,30.599998,19.256,18.356,18.356,26.056,18.556,17.106,17.006,0.151,0.177,0.209,0.252,0.31
2026-04-05 13:00:00+00:00,37.375,-6.0,15.0,24.006,31.0,5.8347526,21.91851,0.0,0.0,0.0,0.0,0.0,0.0,0.0,1022.2,1020.4391,0.0,0.0,0.0,0.0,24140.0,0.0,0.53393584,2.0605278,14.587776,20.431387,21.479666,25.922499,74.248764,75.71888,76.42955,80.406944,31.68,21.556,20.756,20.156,29.606,21.006,17.306,17.006,0.148,0.176,0.209,0.252,0.309
2026-04-05 14:00:00+00:00,37.375,-6.0,15.0,26.156,27.0,5.68969,24.616337,0.0,0.0,0.0,0.0,0.0,0.0,0.0,1021.5,1019.753,0.0,0.0,0.0,0.0,24140.0,0.0,0.63727385,2.4773543,14.830076,20.598795,21.316135,21.67487,84.4279,84.98698,85.15609,85.23644,32.039997,23.556,22.756,21.856,32.205997,23.106,17.606,17.006,0.144,0.176,0.208,0.251,0.309
2026-04-05 15:00:00+00:00,37.375,-6.0,15.0,27.656,24.0,5.262811,26.373098,0.0,0.0,0.0,0.0,0.0,0.0,0.0,1020.6,1018.8631,0.0,0.0,0.0,0.0,24140.0,0.0,0.68541545,2.8164327,14.05845,19.110542,19.469976,18.733839,92.935616,93.23964,93.17977,92.20255,30.960001,24.956,24.156,23.156,33.606,24.806,18.056,17.006,0.14,0.175,0.208,0.251,0.309
2026-04-05 16:00:00+00:00,37.375,-6.0,15.0,28.706,21.0,4.225273,27.299074,0.0,0.0,0.0,0.0,0.0,0.0,0.0,1019.4,1017.67126,0.0,0.0,0.0,0.0,24140.0,0.0,0.67646515,3.111875,12.57426,16.595179,16.946787,16.595179,103.24053,102.5288,102.26476,102.5288,28.8,26.156,25.256,24.356,34.056,26.256,18.606,17.056,0.136,0.175,0.207,0.25,0.309
2026-04-05 17:00:00+00:00,37.375,-6.0,15.0,29.206,20.0,3.942418,27.479198,0.0,0.0,0.0,0.0,0.0,0.0,0.0,1018.6,1016.8755,0.0,0.0,0.0,0.0,24140.0,0.0,0.6090986,3.243641,10.966713,14.512064,14.84318,15.175612,113.19862,113.38525,112.833694,112.30626,26.64,26.856,26.056,25.156,33.406,27.056,19.106,17.056,0.132,0.174,0.207,0.25,0.309
2026-04-05 18:00:00+00:00,37.375,-6.0,15.0,29.056,21.0,4.515019,26.861748,0.0,0.0,0.0,0.0,0.0,0.0,0.0,1018.2,1016.4752,0.0,0.0,0.0,0.0,24140.0,0.0,0.49519882,3.1754422,9.387651,13.479583,14.081477,14.386494,122.471176,124.11452,122.471176,121.701385,24.48,27.256,26.456,25.556,31.256,27.106,19.606,17.056,0.13,0.173,0.207,0.25,0.309
2026-04-05 19:00:00+00:00,37.375,-6.0,15.0,28.406,23.0,5.279548,26.0922,0.0,0.0,0.0,0.0,0.0,0.0,0.0,1018.1,1016.37164,0.0,0.0,0.0,0.0,24140.0,0.0,0.35032955,2.9807315,7.8954163,12.984975,13.513193,13.783817,133.1524,133.87679,131.76021,130.76352,22.319998,27.256,26.456,25.656,27.956,26.606,20.106,17.106,0.128,0.173,0.206,0.25,0.309
2026-04-05 20:00:00+00:00,37.375,-6.0,15.0,27.206,27.0,6.5858326,25.432705,0.0,0.0,0.0,0.0,0.0,0.0,0.0,1018.2,1016.4647,0.0,0.0,0.0,0.0,24140.0,0.0,0.18609127,2.6349359,6.193674,11.808878,12.538134,12.768586,144.46223,142.43134,140.82635,139.574,19.08,26.756,26.056,25.256,24.656,25.606,20.456,17.106,0.128,0.172,0.206,0.25,0.309
2026-04-05 21:00:00+00:00,37.375,-6.0,15.0,25.356,33.0,7.922772,24.293444,0.0,0.0,0.0,0.0,0.0,0.0,0.0,1018.7,1016.95306,0.0,0.0,0.0,0.0,24140.0,0.0,0.024909273,2.1684363,3.5455887,9.028754,10.163227,11.165805,156.0375,156.50142,157.06787,159.22766,14.04,25.656,24.956,24.256,21.406,24.006,20.656,17.156,0.129,0.172,0.206,0.25,0.309
2026-04-05 22:00:00+00:00,37.375,-6.0,15.0,23.006,41.0,9.046541,22.637222,0.0,0.0,0.0,0.0,0.0,0.0,0.0,1019.4,1017.6379,0.0,0.0,0.0,0.0,24140.0,0.0,0.0,1.6587826,0.8049845,6.130579,8.287822,10.464798,206.56499,183.3664,182.4895,183.94511,8.28,24.056,23.556,22.856,18.106,21.956,20.706,17.156,0.131,0.171,0.205,0.249,0.309
2026-04-05 23:00:00+00:00,37.375,-6.0,15.0,20.756,47.0,9.035354,20.205624,0.0,0.0,0.0,0.0,0.0,0.0,0.0,1020.0,1018.2233,0.0,0.0,0.0,0.0,24140.0,0.0,0.003095668,1.2991692,2.0364676,3.6,6.6185193,9.565437,315.0001,216.86998,202.38017,199.79897,4.68,22.656,22.256,21.756,15.606,20.206,20.656,17.206,0.133,0.171,0.205,0.249,0.309
