date,cloud_cover_badajoz,cloud_cover_c_real,cloud_cover_cadiz,cloud_cover_cordoba,cloud_cover_huelva,cloud_cover_lisbon,cloud_cover_malaga,cloud_cover_seville,precipitation_badajoz,precipitation_c_real,precipitation_cadiz,precipitation_cordoba,precipitation_huelva,precipitation_lisbon,precipitation_malaga,precipitation_seville,pressure_msl_badajoz,pressure_msl_c_real,pressure_msl_cadiz,pressure_msl_cordoba,pressure_msl_huelva,pressure_msl_lisbon,pressure_msl_malaga,pressure_msl_seville,relative_humidity_2m_badajoz,relative_humidity_2m_c_real,relative_humidity_2m_cadiz,relative_humidity_2m_cordoba,relative_humidity_2m_huelva,relative_humidity_2m_lisbon,relative_humidity_2m_malaga,relative_humidity_2m_seville,temperature_2m_badajoz,temperature_2m_c_real,temperature_2m_cadiz,temperature_2m_cordoba,temperature_2m_huelva,temperature_2m_lisbon,temperature_2m_malaga,temperature_2m_seville,wind_direction_10m_badajoz,wind_direction_10m_c_real,wind_direction_10m_cadiz,wind_direction_10m_cordoba,wind_direction_10m_huelva,wind_direction_10m_lisbon,wind_direction_10m_malaga,wind_direction_10m_seville,wind_speed_10m_badajoz,wind_speed_10m_c_real,wind_speed_10m_cadiz,wind_speed_10m_cordoba,wind_speed_10m_huelva,wind_speed_10m_lisbon,wind_speed_10m_malaga,wind_speed_10m_seville,hour,sin_hour,cos_hour,temp_lag_1h,temp_lag_3h,temp_lag_6h,temp_lag_12h,temp_lag_24h,temp_rolling_mean_6h,temp_rolling_mean_24h
2026-04-05 00:00:00+00:00,5.0,0.0,0.0,0.0,0.0,2.0,0.0,0.0,0.0,0.0,0.0,0.0,0.0,0.0,0.0,0.0,1021.2,1022.6,1021.4,1023.1,1021.8,1021.8,1024.5,1021.9,57.0,47.0,36.0,46.0,58.0,51.0,53.0,45.0,15.796,14.462999,17.5375,13.0345,16.887499,17.8585,13.032,16.036999,180.0,288.43503,88.6361,253.30067,354.2895,326.3099,6.0089183,15.255177,3.96,1.1384199,15.124284,3.7585104,3.6179552,2.5959969,6.87779,4.1046314,0,0.0,1.0,18.937,22.487,27.286999,20.387,16.137,23.495333,18.230750083333334
2026-04-05 01:00:00+00:00,0.0,0.0,0.0,0.0,0.0,6.0,0.0,0.0,0.0,0.0,0.0,0.0,0.0,0.0,0.0,0.0,1021.6,1022.7,1021.3,1023.2,1021.8,1021.8,1024.5,1022.0,72.0,50.0,36.0,53.0,60.0,55.0,44.0,56.0,12.896,13.162999,17.3375,11.684501,15.6875,17.258501,12.382,14.287001,191.30989,315.0001,83.047134,257.4712,20.556128,53.13002,8.530692,22.61991,3.671294,1.0182338,14.869351,3.319036,3.0758414,1.8,7.2805495,4.6800003,1,0.25881904510252074,0.9659258262890683,16.036999,20.036999,26.737,22.937,14.037001,21.620333,18.226583375
2026-04-05 02:00:00+00:00,0.0,0.0,0.0,0.0,0.0,2.0,0.0,0.0,0.0,0.0,0.0,0.0,0.0,0.0,0.0,0.0,1021.8,1023.1,1021.1,1023.4,1021.6,1021.7,1024.4,1022.0,77.0,54.0,37.0,57.0,65.0,59.0,41.0,54.0,12.246,11.962999,17.137499,10.6345005,14.4375,16.8085,11.932,13.287001,174.2895,284.03625,80.31129,251.56496,32.005356,360.0,8.530692,3.8140097,3.6179552,1.484318,14.973576,2.2768397,3.396233,2.8799999,7.2805495,5.4119864,2,0.49999999999999994,0.8660254037844387,14.287001,18.937,25.487,24.786999,14.237,19.54533316666667,18.23700004166667
2026-04-05 03:00:00+00:00,0.0,6.0,0.0,0.0,0.0,1.0,0.0,0.0,0.0,0.0,0.0,0.0,0.0,0.0,0.0,0.0,1021.9,1023.5,1021.1,1023.5,1021.4,1021.8,1024.4,1022.0,76.0,58.0,38.0,58.0,70.0,66.0,44.0,52.0,12.196,10.813,16.9375,9.684501,13.6375,16.0085,11.481999,12.537001,189.46225,243.43501,75.25639,255.96373,36.86999,333.43503,2.8623457,6.70975,2.1897945,2.4149535,14.145756,1.484318,3.6,3.219938,7.208994,6.162207,3,0.7071067811865475,0.7071067811865476,13.287001,16.036999,22.487,26.087,13.287001,17.512,18.19741675
2026-04-05 04:00:00+00:00,0.0,8.0,20.0,0.0,2.0,2.0,0.0,0.0,0.0,0.0,0.0,0.0,0.0,0.0,0.0,0.0,1021.6,1023.7,1020.4,1023.4,1020.7,1021.5,1024.0,1021.5,75.0,63.0,38.0,63.0,72.0,67.0,46.0,51.0,11.746,9.763,16.887499,8.3845005,13.0875,15.3085,11.132,11.987,104.03627,198.43504,75.25639,360.0,36.86999,290.55612,8.130019,16.389616,2.968636,1.1384199,14.145756,1.08,3.6,3.0758414,7.6367526,6.379216,4,0.8660254037844386,0.5000000000000001,12.537001,14.287001,20.036999,26.937,12.287001,15.853666833333333,18.166166750000002
2026-04-05 05:00:00+00:00,1.0,11.0,10.0,3.0,8.0,6.0,0.0,7.0,0.0,0.0,0.0,0.0,0.0,0.0,0.0,0.0,1021.2,1023.8,1020.1,1023.1,1020.5,1021.1,1023.2,1020.8,78.0,70.0,37.0,68.0,71.0,69.0,47.0,48.0,10.546,8.613,16.887499,7.0845,12.487499,14.7085,10.731999,11.737,82.875084,191.30989,82.14678,36.86999,26.564985,299.74478,2.7262611,21.25058,2.9024127,1.835647,10.538843,1.8,4.0249224,2.9024127,7.5685663,6.9527545,5,0.9659258262890683,0.25881904510252074,11.987,13.287001,18.937,27.337,11.137,14.512000333333335,18.153666708333333
2026-04-05 06:00:00+00:00,2.0,15.0,4.0,0.0,3.0,6.0,0.0,25.0,0.0,0.0,0.0,0.0,0.0,0.0,0.0,0.0,1021.2,1023.7,1019.9,1022.8,1020.4,1020.7,1022.6,1020.6,82.0,73.0,38.0,73.0,72.0,70.0,49.0,48.0,9.346,8.013,16.9375,6.1844997,12.287499,14.4585,10.481999,11.487,116.56499,108.43504,83.15732,38.65983,15.255177,306.86996,2.8623457,14.036275,1.609969,1.1384199,9.0645685,2.3051248,4.1046314,3.6,7.208994,5.937272,6,1.0,6.123233995736766e-17,11.737,12.537001,16.036999,27.286999,9.537001,13.312000333333335,18.178666708333335
2026-04-05 07:00:00+00:00,2.0,7.0,4.0,0.0,2.0,0.0,0.0,11.0,0.0,0.0,0.0,0.0,0.0,0.0,0.0,0.0,1021.5,1023.9,1019.9,1022.6,1020.5,1020.7,1022.5,1020.7,88.0,71.0,40.0,75.0,71.0,74.0,50.0,50.0,8.396,7.713,16.6875,5.8345,11.987499,14.0585,10.132,11.137,104.03627,53.13002,76.50425,33.6901,19.983198,315.0001,356.98727,360.0,1.484318,3.6,9.255571,2.5959969,4.2136917,3.563818,6.849467,5.7599998,7,0.9659258262890683,-0.25881904510252063,11.487,11.987,14.287001,26.737,8.987,12.553667166666665,18.259916666666665
2026-04-05 08:00:00+00:00,0.0,0.0,11.0,24.0,26.0,1.0,0.0,23.0,0.0,0.0,0.0,0.0,0.0,0.0,0.0,0.0,1022.2,1024.7,1020.3,1023.0,1021.0,1021.0,1023.3,1021.4,89.0,77.0,42.0,74.0,71.0,75.0,50.0,53.0,7.746,6.913,16.2875,5.7844996,11.737499,13.908501,10.032,10.787001,98.13002,44.999897,71.564964,26.564985,44.999897,336.0375,360.0,10.61961,2.5455842,4.072935,11.384199,3.219938,4.072935,3.5455887,6.8399997,5.8603754,8,0.8660254037844388,-0.4999999999999998,11.137,11.737,13.287001,25.487,9.137,12.028666999999999,18.3495
2026-04-05 09:00:00+00:00,0.0,0.0,7.0,22.0,26.0,0.0,5.0,16.0,0.0,0.0,0.0,0.0,0.0,0.0,0.0,0.0,1022.9,1025.4,1021.0,1023.7,1021.6,1021.5,1024.3,1022.1,86.0,78.0,43.0,71.0,69.0,75.0,51.0,54.0,8.496,7.463,16.0875,7.2345,12.1375,14.3585005,10.932,11.287001,69.44387,48.814175,61.821507,26.564985,48.814175,8.130019,6.3401003,19.653913,3.0758414,3.8268526,11.435313,1.609969,3.8268526,2.5455842,6.519877,5.3517847,9,0.7071067811865476,-0.7071067811865475,10.787001,11.487,12.537001,22.487,9.637,11.612000333333334,18.418250041666667
2026-04-05 10:00:00+00:00,0.0,6.0,0.0,57.0,3.0,0.0,18.0,26.0,0.0,0.0,0.0,0.0,0.0,0.0,0.0,0.0,1022.8,1024.9,1021.3,1023.5,1021.6,1021.6,1024.4,1022.1,67.0,69.0,45.0,61.0,47.0,76.0,51.0,47.0,13.096,10.763,16.0875,12.4845,14.8375,15.2585,14.481999,14.437,48.814175,41.185837,50.440376,74.054535,57.264786,56.309914,360.0,24.775122,3.8268526,3.8268526,10.739832,2.6208394,5.991594,2.5959969,3.6,5.154415,10,0.49999999999999994,-0.8660254037844387,11.287001,11.137,11.987,20.036999,12.787001,11.403666999999999,18.48700008333333
2026-04-05 11:00:00+00:00,1.0,31.0,0.0,11.0,0.0,0.0,21.0,16.0,0.0,0.0,0.0,0.0,0.0,0.0,0.0,0.0,1023.0,1024.7,1021.6,1023.7,1022.0,1022.1,1024.8,1022.3,51.0,61.0,48.0,45.0,34.0,66.0,39.0,38.0,17.646,14.212999,16.387499,17.0845,18.137499,16.5585,17.832,18.387,56.309914,56.3099,59.349415,72.89719,72.89719,63.435013,224.9999,47.12111,5.1919937,3.8939953,11.298495,4.896529,9.793058,2.4149535,2.0364676,6.8777895,11,0.258819045102521,-0.9659258262890682,14.437,10.787001,11.737,18.937,16.887,11.812000333333335,18.555750041666666
2026-04-05 12:00:00+00:00,0.0,5.0,0.0,3.0,0.0,1.0,22.0,0.0,0.0,0.0,0.0,0.0,0.0,0.0,0.0,0.0,1022.7,1024.4,1021.5,1023.4,1021.9,1022.3,1024.8,1022.1,33.0,54.0,47.0,37.0,29.0,55.0,37.0,31.0,21.446,17.463001,18.7375,20.5345,21.0375,18.4585,19.982,21.937,72.47434,60.94549,90.0,78.11137,78.6901,44.999897,156.0375,70.01681,7.172949,3.7064266,14.4,6.9899354,11.013882,4.5820518,7.0911775,8.427383,12,1.2246467991473532e-16,-1.0,18.387,11.287001,11.487,16.036999,20.387,12.920333666666666,18.618250041666666
2026-04-05 13:00:00+00:00,0.0,0.0,3.0,0.0,1.0,1.0,6.0,0.0,0.0,0.0,0.0,0.0,0.0,0.0,0.0,0.0,1022.5,1023.8,1021.4,1023.1,1021.9,1022.3,1024.8,1021.8,24.0,46.0,38.0,33.0,27.0,49.0,30.0,24.0,24.746,20.263,20.7375,22.9345,23.2875,20.1585,21.432001,24.536999,76.60749,65.55606,106.14441,94.39862,87.5105,53.74608,130.31403,106.9276,7.771331,4.3498964,28.483257,4.6938252,8.287822,6.696387,15.580141,8.654986,13,-0.2588190451025208,-0.9659258262890683,21.937,14.437,11.137,14.287001,22.937,14.662000333333333,18.682833375
2026-04-05 14:00:00+00:00,5.0,0.0,0.0,0.0,3.0,5.0,1.0,1.0,0.0,0.0,0.0,0.0,0.0,0.0,0.0,0.0,1021.7,1023.0,1020.9,1022.4,1021.4,1021.8,1024.6,1021.3,20.0,39.0,42.0,31.0,23.0,48.0,32.0,23.0,27.196,22.613,21.137499,24.9345,24.9375,21.508501,21.482,26.337,94.57384,68.19853,107.74477,153.43501,108.43504,71.564964,135.0001,105.52418,9.028754,5.815978,28.348713,1.609969,6.830519,6.830519,16.29174,6.725354,14,-0.4999999999999998,-0.8660254037844388,24.536999,18.387,10.787001,13.287001,24.786999,16.895333500000003,18.7495
2026-04-05 15:00:00+00:00,0.0,6.0,20.0,0.0,2.0,10.0,0.0,1.0,0.0,0.0,0.0,0.0,0.0,0.0,0.0,0.0,1020.8,1021.7,1020.3,1021.3,1020.5,1021.1,1024.0,1020.3,20.0,32.0,41.0,26.0,21.0,47.0,36.0,18.0,28.446,24.063,21.5375,26.5845,26.2375,22.9085,21.382,27.887,100.12462,73.300674,111.801476,233.13002,97.59455,90.0,135.90929,102.5288,10.239453,7.5170207,27.14123,3.6,5.4477882,5.3999996,16.039202,3.319036,15,-0.7071067811865471,-0.7071067811865479,26.337,21.937,11.287001,12.537001,26.087,19.487,18.814083375
2026-04-05 16:00:00+00:00,0.0,2.0,0.0,0.0,6.0,45.0,0.0,4.0,0.0,0.0,0.0,0.0,0.0,0.0,0.0,0.0,1019.7,1020.9,1019.7,1020.4,1019.9,1020.1,1023.5,1019.4,20.0,32.0,39.0,24.0,18.0,46.0,36.0,16.0,29.046,24.763,21.7875,27.6845,26.6875,24.3585,21.382,28.737,104.03627,103.24053,113.49858,235.49141,150.2552,113.962494,135.0001,161.56496,10.390226,6.28713,27.086262,6.989936,8.707237,3.5455887,15.273505,1.1384199,16,-0.8660254037844384,-0.5000000000000004,27.887,24.536999,14.437,11.987,26.937,22.253666499999998,18.889083375
2026-04-05 17:00:00+00:00,27.0,4.0,0.0,0.0,0.0,47.0,0.0,10.0,0.0,0.0,0.0,0.0,0.0,0.0,0.0,0.0,1019.1,1020.2,1019.2,1019.8,1019.6,1019.4,1022.7,1018.8,20.0,33.0,37.0,21.0,28.0,43.0,35.0,18.0,29.196,25.063,21.9875,28.0345,25.8375,25.4585,21.532001,29.137,105.06854,90.0,114.62355,235.0079,186.70975,135.0001,131.98714,219.80553,9.6932955,4.32,28.512817,8.78872,12.324414,3.563818,14.529915,5.6233797,17,-0.9659258262890683,-0.25881904510252063,28.737,26.337,18.387,11.737,27.337,24.636999833333334,18.964083374999998
2026-04-05 18:00:00+00:00,66.0,11.0,0.0,0.0,1.0,18.0,12.0,4.0,0.0,0.0,0.0,0.0,0.0,0.0,0.0,0.0,1018.4,1019.8,1018.9,1019.3,1019.2,1018.8,1022.4,1018.5,21.0,33.0,36.0,21.0,27.0,42.0,40.0,17.0,28.896,24.763,21.8375,27.884499,25.4375,25.1585,20.632,28.536999,98.74608,36.86999,117.89718,240.64233,201.16133,210.57915,169.11452,223.26433,9.47012,1.8,27.698954,6.6087217,11.966953,9.19939,9.531505,8.404285,18,-1.0,-1.8369701987210297e-16,29.137,27.887,21.937,11.487,27.286999,26.428666500000002,19.039083375
2026-04-05 19:00:00+00:00,19.0,23.0,0.0,0.0,0.0,3.0,3.0,1.0,0.0,0.0,0.0,0.0,0.0,0.0,0.0,0.0,1018.4,1019.7,1019.0,1019.3,1019.3,1018.7,1022.4,1018.5,23.0,34.0,39.0,22.0,31.0,41.0,47.0,17.0,28.246,24.263,21.1875,27.2845,24.2375,24.6585,19.532001,27.937,87.79745,360.0,117.93705,236.3099,198.9705,231.7098,173.29025,237.72438,9.3669195,5.7599998,26.89419,7.7879906,12.181625,8.714677,6.162207,8.0899935,19,-0.9659258262890684,0.2588190451025203,28.536999,28.737,24.536999,11.137,26.737,27.528666333333334,19.091166708333333
2026-04-05 20:00:00+00:00,3.0,73.0,0.0,0.0,0.0,0.0,0.0,0.0,0.0,0.0,0.0,0.0,0.0,0.0,0.0,0.0,1018.2,1019.7,1018.9,1019.4,1019.2,1018.6,1022.2,1018.5,26.0,36.0,40.0,25.0,38.0,42.0,52.0,23.0,26.896,23.163,20.4875,25.634499,22.5875,23.4585,18.432001,26.487,74.054535,8.130019,116.56499,229.08571,199.65392,231.34016,184.39862,245.22488,7.8625183,5.0911684,25.759504,7.145796,10.703569,9.220499,4.6938252,5.154415,20,-0.8660254037844386,0.5,27.937,29.137,26.337,10.787001,25.487,28.095333166666666,19.141166708333333
2026-04-05 21:00:00+00:00,16.0,78.0,5.0,0.0,0.0,2.0,0.0,0.0,0.0,0.0,0.0,0.0,0.0,0.0,0.0,0.0,1018.6,1020.3,1019.3,1020.0,1019.5,1018.8,1022.8,1019.1,37.0,43.0,42.0,33.0,51.0,46.0,58.0,35.0,22.796,20.613,19.4875,21.734499,20.7375,22.008501,17.032001,23.187,84.805664,26.564985,116.20005,229.76372,201.80147,236.3099,213.6901,218.15727,3.9763298,3.219938,25.277025,6.1305785,5.815978,6.489992,2.5959969,6.4096174,21,-0.7071067811865477,0.7071067811865474,26.487,28.536999,27.887,11.287001,22.487,28.120333166666665,19.182833375
2026-04-05 22:00:00+00:00,4.0,24.0,4.0,0.0,22.0,0.0,0.0,0.0,0.0,0.0,0.0,0.0,0.0,0.0,0.0,0.0,1019.1,1020.8,1019.7,1020.8,1019.9,1018.9,1023.5,1019.7,50.0,45.0,43.0,43.0,57.0,51.0,63.0,41.0,19.196,19.313,18.7375,18.0845,19.387499,20.508501,16.232,20.536999,122.471176,293.1986,117.64589,252.89719,209.7448,236.3099,326.3099,218.65984,4.6938257,2.7416782,25.603062,4.896529,2.9024127,3.8939953,1.2979984,4.6102495,22,-0.5000000000000004,0.8660254037844384,23.187,27.937,28.737,14.437,20.036999,27.336999833333333,19.212000041666666
2026-04-05 23:00:00+00:00,0.0,80.0,100.0,0.0,0.0,5.0,0.0,0.0,0.0,0.0,0.0,0.0,0.0,0.0,0.0,0.0,1019.9,1021.4,1019.9,1021.5,1020.2,1019.2,1024.1,1020.3,52.0,48.0,43.0,50.0,61.0,63.0,62.0,45.0,16.996,17.613,18.4375,15.7845,18.5875,18.8085,15.731999,18.987,183.814,90.0,113.720406,254.74483,270.0,234.46223,14.036275,296.56497,5.4119864,0.35999998,25.952478,4.1046314,0.71999997,3.096837,2.968636,2.4149535,23,-0.2588190451025215,0.9659258262890681,20.536999,26.487,29.137,18.387,18.937,25.970333,19.232833375000002
2026-04-06 00:00:00+00:00,2.0,8.0,64.0,0.0,11.0,1.0,0.0,0.0,0.0,0.0,0.0,0.0,0.0,0.0,0.0,0.0,1020.0,1022.0,1019.9,1021.7,1020.2,1019.3,1024.2,1020.5,51.0,55.0,44.0,56.0,60.0,72.0,65.0,53.0,15.646,15.363,18.3375,14.2345,17.637499,17.5585,14.481999,16.687,184.76355,53.972538,114.44395,246.0375,23.198618,229.39879,17.102825,22.61991,4.3349743,4.8965297,26.099379,3.5455887,2.7416782,3.319036,4.896529,4.6800003,0,0.0,1.0,18.987,23.187,28.536999,21.937,16.036999,24.278666333333334,19.234916708333333
2026-04-06 01:00:00+00:00,1.0,0.0,74.0,0.0,81.0,0.0,6.0,0.0,0.0,0.0,0.0,0.0,0.0,0.0,0.0,0.0,1020.2,1022.4,1019.7,1021.9,1020.1,1019.1,1024.3,1020.5,57.0,64.0,45.0,61.0,69.0,76.0,65.0,57.0,13.796,13.513,18.1875,12.7845,15.8375,17.1585,12.981999,14.937,126.86999,37.875053,113.58704,251.56496,18.435053,270.0,6.70975,12.99463,3.6,4.1046314,27.890127,3.4152596,3.4152596,2.8799999,6.162207,4.802999,1,0.25881904510252074,0.9659258262890683,16.687,20.536999,27.937,24.536999,14.287001,22.303666500000002,19.262000083333334
2026-04-06 02:00:00+00:00,3.0,0.0,69.0,0.0,67.0,23.0,27.0,27.0,0.0,0.0,0.0,0.0,0.0,0.0,0.0,0.0,1020.3,1022.5,1019.4,1021.9,1019.7,1018.5,1024.2,1020.2,70.0,67.0,46.0,64.0,78.0,78.0,64.0,53.0,11.196,12.513,18.0875,11.7845,14.3875,16.8585,12.382,13.937,123.690094,16.699326,112.729774,255.96373,32.005356,20.556128,3.179772,7.59456,2.5959969,3.7585104,28.883131,1.484318,3.396233,3.0758414,6.489992,5.4477882,2,0.49999999999999994,0.8660254037844387,14.937,18.987,26.487,26.337,13.287001,20.13699983333333,19.289083375
2026-04-06 03:00:00+00:00,8.0,0.0,29.0,7.0,38.0,44.0,46.0,100.0,0.0,0.0,0.0,0.0,0.0,0.0,0.0,0.0,1020.2,1022.6,1019.2,1021.6,1019.4,1018.1,1023.8,1019.9,84.0,70.0,49.0,68.0,82.0,79.0,67.0,55.0,9.146,11.363,17.9875,10.3345,13.8375,16.3585,12.032,13.087001,111.801476,33.6901,119.56026,315.0001,29.744795,41.63345,6.0089183,10.61961,1.9386592,3.8939953,27.729347,1.5273507,2.9024127,4.3349743,6.87779,5.8603754,3,0.7071067811865475,0.7071067811865476,13.937,16.687,23.187,27.887,12.537001,18.045333166666666,19.316166666666668
2026-04-06 04:00:00+00:00,27.0,1.0,4.0,11.0,100.0,21.0,99.0,19.0,0.0,0.0,0.0,0.0,0.0,0.0,0.0,0.0,1019.9,1022.6,1019.1,1021.5,1019.3,1017.6,1023.5,1019.6,93.0,69.0,53.0,69.0,80.0,80.0,70.0,56.0,7.796,10.412999,17.6875,9.2345,13.8375,16.0085,11.731999,12.587001,104.03627,41.98713,121.920845,303.6901,49.398785,52.124958,2.8623457,14.036275,2.968636,4.8433046,25.872456,1.2979984,3.319036,4.1046314,7.208994,5.937272,4,0.8660254037844386,0.5000000000000001,13.087001,14.937,20.536999,28.737,11.987,16.362,19.33908333333333
2026-04-06 05:00:00+00:00,8.0,0.0,39.0,21.0,38.0,30.0,86.0,100.0,0.0,0.0,0.0,0.0,0.0,0.0,0.0,0.0,1019.7,1022.9,1018.7,1021.5,1019.1,1017.7,1023.3,1019.6,91.0,67.0,52.0,75.0,73.0,72.0,73.0,59.0,7.246,9.662999,17.637499,8.1345005,13.6375,16.3085,11.481999,11.887,90.0,44.999897,115.529655,18.435053,51.34017,74.054535,360.0,4.085537,2.8799999,4.5820518,26.729847,1.1384199,4.6102495,2.6208394,7.2,5.0528407,5,0.9659258262890683,0.25881904510252074,12.587001,13.937,18.987,29.137,11.737,15.037000333333332,19.364083375
2026-04-06 06:00:00+00:00,90.0,1.0,34.0,0.0,40.0,76.0,25.0,100.0,0.0,0.0,0.0,0.0,0.0,0.0,0.0,0.0,1019.6,1023.0,1018.0,1021.5,1018.6,1017.6,1023.2,1019.5,85.0,66.0,49.0,79.0,69.0,56.0,74.0,62.0,6.996,9.013,17.9375,7.4344997,13.6375,16.3585,11.432,11.387,66.037506,48.01287,111.18142,26.564985,44.999897,102.09474,3.0127327,7.59456,3.5455887,4.8433046,30.886656,0.8049845,5.6002855,5.1544156,6.849467,5.4477882,6,1.0,6.123233995736766e-17,11.887,13.087001,16.687,28.536999,11.487,13.853667,19.370333374999998
2026-04-06 07:00:00+00:00,97.0,0.0,34.0,26.0,51.0,53.0,100.0,86.0,0.0,0.0,0.0,0.0,0.0,0.0,0.0,0.0,1019.6,1023.3,1018.5,1021.6,1019.3,1017.5,1023.0,1019.3,80.0,67.0,49.0,83.0,64.0,57.0,73.0,64.0,6.946,8.363,17.9375,6.5344996,13.8375,15.5085,11.382,10.987,44.999897,44.999897,123.49521,44.999897,350.53775,85.91447,8.530692,13.240531,3.0547013,4.5820518,29.354904,1.5273507,2.1897945,5.0528407,7.2805495,6.28713,7,0.9659258262890683,-0.25881904510252063,11.387,12.587001,14.937,27.937,11.137,12.970333666666667,19.366166708333335
2026-04-06 08:00:00+00:00,4.0,0.0,99.0,14.0,19.0,100.0,55.0,44.0,0.0,0.0,0.0,0.0,0.0,0.0,0.0,0.0,1019.7,1023.7,1018.7,1021.8,1019.2,1017.6,1023.2,1019.6,77.0,69.0,52.0,84.0,60.0,59.0,74.0,66.0,6.946,7.763,17.7375,5.8845,13.487499,15.0585,11.182,10.887,23.198618,48.01287,122.15227,36.86999,69.44387,90.0,356.82022,351.87,2.7416782,4.8433046,29.76484,1.8,3.0758414,4.68,6.489992,5.0911684,8,0.8660254037844388,-0.4999999999999998,10.987,11.887,13.937,26.487,10.787001,12.312000333333335,19.359916708333333
2026-04-06 09:00:00+00:00,54.0,0.0,99.0,64.0,91.0,78.0,0.0,0.0,0.0,0.0,0.0,0.0,0.0,0.0,0.0,0.0,1020.4,1024.2,1019.3,1022.1,1019.6,1017.8,1023.4,1020.2,76.0,70.0,54.0,82.0,61.0,59.0,71.0,68.0,7.696,8.662999,17.6875,7.1345,13.487499,14.9585,12.332,11.587001,20.556128,59.03632,121.56177,30.963696,44.999897,77.00539,356.42374,4.398633,3.0758414,4.198285,29.574827,2.0991426,3.563818,4.802999,5.771239,4.6938252,9,0.7071067811865476,-0.7071067811865475,10.887,11.387,13.087001,23.187,11.287001,11.803667000000003,19.364083333333333
2026-04-06 10:00:00+00:00,3.0,0.0,100.0,0.0,99.0,100.0,4.0,97.0,0.0,0.0,0.0,0.0,0.0,0.0,0.0,0.0,1020.1,1023.5,1019.5,1021.7,1020.3,1017.8,1023.6,1020.0,51.0,62.0,56.0,65.0,60.0,57.0,68.0,57.0,12.796,11.563,17.9375,12.3845005,15.0875,15.4585,15.432,14.537001,44.999897,64.65388,122.73522,49.398785,224.9999,77.90526,305.53775,22.833694,2.0364676,7.5685663,29.957968,3.319036,1.0182338,5.1544156,3.096837,7.42159,10,0.49999999999999994,-0.8660254037844387,11.587001,10.987,12.587001,20.536999,14.437,11.553667000000003,19.376583333333333
2026-04-06 11:00:00+00:00,37.0,44.0,100.0,0.0,100.0,100.0,100.0,70.0,0.0,0.0,0.0,0.0,0.0,0.0,0.0,0.0,1020.3,1023.1,1020.3,1022.1,1020.7,1018.1,1023.9,1020.7,39.0,56.0,59.0,53.0,46.0,55.0,55.0,50.0,17.446,14.813,18.3375,16.9345,16.9375,16.3085,17.932001,17.887,85.23644,65.55606,129.89778,48.366554,105.25517,102.5288,236.3099,12.99463,4.3349743,8.699793,28.62396,4.3349743,4.1046314,6.638072,3.8939953,4.802999,11,0.258819045102521,-0.9659258262890682,14.537001,10.887,11.887,18.987,18.387,11.878667,19.38075004166667
2026-04-06 12:00:00+00:00,70.0,100.0,100.0,59.0,100.0,99.0,100.0,100.0,0.0,0.0,0.0,0.0,0.0,0.0,0.0,0.0,1020.3,1022.6,1020.8,1021.6,1021.3,1018.1,1023.8,1020.8,31.0,50.0,59.0,43.0,42.0,55.0,48.0,44.0,21.196,17.863,18.9875,20.884499,18.3375,17.2085,19.932001,20.487,104.03627,74.74483,136.00499,50.906155,175.60138,120.0685,176.98727,44.999897,2.968636,8.209263,29.024128,7.42159,4.6938252,7.9036193,6.849467,1.5273507,12,1.2246467991473532e-16,-1.0,17.887,11.587001,11.387,16.687,21.937,12.878667000000002,19.359916708333333
2026-04-06 13:00:00+00:00,51.0,14.0,100.0,53.0,100.0,97.0,15.0,46.0,0.0,0.0,0.0,0.0,0.0,0.0,0.0,0.0,1019.5,1021.6,1020.3,1020.8,1020.2,1017.5,1023.4,1020.6,24.0,39.0,56.0,34.0,43.0,55.0,46.0,33.0,23.846,20.663,19.637499,23.7845,19.137499,18.4585,20.932001,23.036999,174.55975,92.60251,131.45514,44.999897,122.471176,124.82456,158.5522,243.43501,7.5942073,7.928178,28.820242,5.6002855,9.387651,10.086427,10.829958,3.219938,13,-0.2588190451025208,-0.9659258262890683,20.487,14.537001,10.987,14.937,24.536999,14.395333666666668,19.299500041666665
2026-04-06 14:00:00+00:00,95.0,2.0,97.0,91.0,100.0,100.0,7.0,100.0,0.0,0.0,0.0,0.0,0.0,0.0,0.0,0.0,1018.8,1020.2,1017.7,1019.8,1018.1,1016.7,1022.8,1019.6,23.0,36.0,48.0,30.0,42.0,56.0,47.0,31.0,24.996,22.713001,20.2375,25.8345,20.137499,19.5585,21.182001,23.887,184.66678,107.650215,104.300316,192.09474,83.99109,144.24602,161.56496,205.01686,17.698677,8.311245,37.894165,5.1544156,13.75558,11.090103,12.522619,5.95906,14,-0.4999999999999998,-0.8660254037844388,23.036999,17.887,10.887,13.937,26.337,16.403666833333332,19.23700004166667
2026-04-06 15:00:00+00:00,100.0,8.0,100.0,28.0,100.0,100.0,100.0,100.0,0.0,0.0,0.0,0.0,0.0,0.0,0.0,0.0,1018.1,1019.1,1017.1,1018.7,1016.6,1015.6,1022.1,1018.5,27.0,33.0,45.0,25.0,38.0,58.0,49.0,34.0,24.096,24.463001,20.5375,28.0845,22.1875,20.3585,21.132,23.987,189.46225,139.39879,117.06103,196.9276,76.29302,133.7812,162.55272,153.43501,15.328561,6.638072,37.191677,8.654986,15.192682,11.966954,13.207634,4.829907,15,-0.7071067811865471,-0.7071067811865479,23.887,20.487,11.587001,13.087001,27.887,18.5703335,19.134916708333332
2026-04-06 16:00:00+00:00,100.0,5.0,93.0,100.0,100.0,100.0,93.0,100.0,0.0,0.0,0.0,0.0,0.0,0.0,0.0,0.0,1017.9,1018.0,1016.4,1017.7,1016.8,1015.6,1021.4,1016.4,35.0,28.0,43.0,19.0,36.0,59.0,50.0,31.0,22.196,25.763,20.637499,28.884499,23.5375,20.9585,21.282001,24.637,192.20045,168.69011,115.083565,201.25058,124.3804,156.80139,150.2552,84.644264,13.627795,5.506941,37.363766,13.905509,8.287822,13.708391,11.609651,11.570515,16,-0.8660254037844384,-0.5000000000000004,23.987,23.036999,14.537001,12.587001,28.737,20.637,18.97241670833333
2026-04-06 17:00:00+00:00,100.0,63.0,100.0,97.0,100.0,100.0,83.0,100.0,0.2,0.0,0.0,0.0,0.0,0.3,0.0,0.0,1017.2,1017.2,1015.9,1017.6,1017.1,1015.6,1021.0,1015.7,49.0,22.0,46.0,22.0,37.0,68.0,52.0,29.0,20.346,26.313,20.5375,27.1845,23.637499,19.4085,20.682001,26.286999,130.91429,206.56499,120.76265,210.96368,192.80426,177.79745,181.9091,104.62092,7.145796,9.659814,35.191723,14.693999,8.12197,18.733839,10.805999,8.557102,17,-0.9659258262890683,-0.25881904510252063,24.637,23.887,17.887,11.887,29.137,22.320333166666668,18.801583375
2026-04-06 18:00:00+00:00,100.0,100.0,100.0,100.0,100.0,99.0,100.0,100.0,0.1,0.0,0.0,0.0,0.0,0.1,0.0,0.0,1017.4,1016.8,1015.9,1017.1,1016.7,1015.5,1020.4,1015.9,53.0,24.0,49.0,21.0,42.0,71.0,58.0,27.0,20.046,25.913,20.3375,26.884499,22.637499,18.7085,19.482,27.036999,248.96242,214.82455,126.99536,197.81898,277.1249,194.34937,144.16226,170.53775,5.0142193,10.086427,32.90408,10.587917,5.8048253,15.978486,7.9932966,4.379589,18,-1.0,-1.8369701987210297e-16,26.286999,23.987,20.487,11.387,28.536999,23.720333,18.682833333333335
2026-04-06 19:00:00+00:00,100.0,97.0,100.0,100.0,98.0,100.0,73.0,100.0,0.0,0.0,0.0,0.0,0.0,0.3,0.0,0.0,1017.5,1017.0,1016.0,1016.3,1015.4,1015.0,1020.0,1015.9,59.0,21.0,51.0,23.0,41.0,73.0,61.0,37.0,19.496,24.713001,19.887499,25.734499,22.5375,18.7085,19.182001,26.087,187.12492,231.84273,128.96675,141.34016,77.19574,167.4712,196.69933,285.25516,5.8048253,12.819235,31.485083,6.9153743,8.12197,9.9571085,7.5170207,4.1046314,19,-0.9659258262890684,0.2588190451025203,27.036999,24.637,23.036999,10.987,27.937,24.8119995,18.620333333333335
2026-04-06 20:00:00+00:00,100.0,99.0,100.0,100.0,100.0,100.0,82.0,100.0,0.0,0.0,0.0,0.0,0.0,0.0,0.0,0.0,1016.5,1017.3,1016.9,1016.2,1017.3,1014.3,1020.1,1016.1,65.0,23.0,54.0,32.0,52.0,74.0,65.0,44.0,18.646,23.263,19.387499,24.2845,20.8375,18.4085,18.182001,24.187,44.999897,248.6293,128.8114,336.0375,234.46223,109.09359,203.19862,270.0,5.0911684,8.891344,21.252197,3.5455887,9.290511,9.904906,5.4833565,7.92,20,-0.8660254037844386,0.5,26.087,26.286999,23.887,10.887,26.487,25.320333,18.54325
2026-04-06 21:00:00+00:00,100.0,100.0,100.0,100.0,100.0,100.0,98.0,100.0,0.2,0.0,0.0,0.0,0.0,0.0,0.0,0.0,1016.7,1017.6,1018.3,1017.2,1018.3,1013.9,1020.3,1016.9,72.0,32.0,63.0,34.0,56.0,69.0,66.0,47.0,17.246,20.163,18.637499,21.7845,19.5875,17.4585,17.632,22.437,320.1945,280.30478,162.03076,246.0375,202.24907,119.53869,213.6901,236.3099,2.8116899,4.0249224,14.003029,7.0911775,8.557102,12.413477,1.2979984,3.8939953,21,-0.7071067811865477,0.7071067811865474,24.187,27.036999,23.987,11.587001,23.187,25.370333000000002,18.447416666666665
2026-04-06 22:00:00+00:00,100.0,100.0,100.0,95.0,100.0,70.0,100.0,100.0,0.0,0.0,0.0,0.0,0.1,0.0,0.0,0.0,1018.0,1017.9,1019.2,1017.9,1018.3,1013.3,1020.9,1018.4,81.0,38.0,66.0,43.0,67.0,70.0,69.0,42.0,15.846,19.313,18.3375,20.234499,18.5375,17.1085,17.132,21.137,145.0079,26.564985,143.97253,237.99466,141.34016,117.824005,246.80138,260.53775,4.39436,1.609969,14.689588,3.396233,9.220499,14.654254,2.7416782,13.138765,22,-0.5000000000000004,0.8660254037844384,22.437,26.087,24.637,14.537001,20.536999,25.111999666666666,18.416166666666665
2026-04-06 23:00:00+00:00,100.0,100.0,100.0,81.0,100.0,19.0,99.0,100.0,0.1,0.0,0.0,0.0,0.0,0.0,0.0,0.0,1017.5,1018.4,1019.2,1018.5,1018.2,1012.8,1021.4,1019.1,80.0,39.0,66.0,45.0,71.0,69.0,70.0,46.0,15.546,18.463001,18.1875,18.4345,18.2875,17.0585,16.582,20.237,93.012726,141.34016,128.65982,206.56499,142.43134,122.00535,308.65982,239.0363,6.849467,2.3051248,20.746122,4.829907,11.808878,13.584932,2.3051248,8.39657,23,-0.2588190451025215,0.9659258262890681,21.137,24.187,26.286999,17.887,18.987,24.528666333333334,18.441166708333334
2026-04-07 00:00:00+00:00,100.0,100.0,100.0,86.0,100.0,80.0,99.0,99.0,0.0,0.0,0.0,0.0,0.0,0.0,0.0,0.0,1016.6,1018.6,1019.0,1019.0,1017.6,1012.5,1021.8,1018.6,68.0,39.0,62.0,43.0,67.0,71.0,70.0,51.0,16.346,17.563,18.387499,17.484499,18.2375,17.008501,16.332,18.887,123.6901,234.46223,130.06073,208.07239,130.15593,152.74475,326.3099,214.9921,7.7879906,3.096837,20.696087,6.12,15.072783,13.363711,1.2979984,4.39436,0,0.0,1.0,20.237,22.437,27.036999,20.487,16.687,23.52033316666667,18.493250041666666
2026-04-07 01:00:00+00:00,100.0,100.0,92.0,100.0,100.0,93.0,100.0,88.0,0.3,0.0,0.0,0.0,0.0,0.2,0.0,0.0,1015.6,1018.6,1019.2,1019.3,1017.5,1012.1,1022.1,1018.7,61.0,46.0,62.0,42.0,63.0,74.0,67.0,57.0,17.146,16.213001,18.387499,16.9345,18.4875,16.8085,16.332,17.637,146.76828,257.4712,138.07755,236.3099,144.3235,150.75127,26.564985,168.69011,12.4811535,3.319036,23.708124,5.1919937,17.283749,10.315115,2.4149535,5.506941,1,0.25881904510252074,0.9659258262890683,18.887,21.137,26.087,23.036999,14.937,22.161999999999995,18.584916708333335
2026-04-07 02:00:00+00:00,100.0,100.0,100.0,100.0,97.0,94.0,100.0,100.0,0.0,0.0,0.0,0.0,0.0,0.4,0.0,0.0,1014.8,1018.6,1019.0,1019.5,1017.1,1011.8,1022.1,1018.7,61.0,52.0,62.0,47.0,62.0,83.0,70.0,56.0,16.946,15.263,18.387499,16.484499,18.7875,16.6085,15.682,17.437,131.76021,153.43501,142.12495,220.60121,153.01985,167.4712,12.094739,160.34608,13.513193,1.609969,24.627789,3.319036,22.218153,16.595179,5.1544156,5.3517847,2,0.49999999999999994,0.8660254037844387,17.637,20.237,24.187,23.887,13.937,20.753666666666668,18.697416708333332
2026-04-07 03:00:00+00:00,100.0,65.0,100.0,100.0,94.0,86.0,100.0,99.0,0.0,0.0,0.0,0.0,0.2,0.4,0.0,0.0,1014.9,1019.1,1018.3,1019.8,1017.1,1012.0,1021.4,1018.3,57.0,54.0,64.0,53.0,70.0,92.0,73.0,53.0,17.496,14.013,18.4375,15.8845005,18.4375,16.6085,15.782,17.387,158.83867,108.43504,138.12222,270.0,163.11313,188.84174,6.70975,147.26479,11.966953,2.2768397,28.04305,2.8799999,21.068459,16.394829,6.162207,5.991594,3,0.7071067811865475,0.7071067811865476,17.437,18.887,22.437,23.987,13.087001,19.628666666666668,18.843250041666668
2026-04-07 04:00:00+00:00,99.0,93.0,100.0,100.0,96.0,81.0,100.0,100.0,0.0,0.0,0.1,0.0,0.0,0.1,0.0,0.0,1015.3,1019.4,1017.8,1019.6,1017.0,1012.2,1021.0,1017.9,58.0,59.0,66.0,60.0,78.0,93.0,75.0,51.0,17.596,13.162999,18.1875,14.684501,18.0375,16.6085,14.981999,17.887,178.53123,233.13002,136.80872,9.462248,167.90526,193.0919,360.0,180.0,14.044615,3.6,24.195107,2.1897945,15.463244,15.893093,6.12,3.6,4,0.8660254037844386,0.5000000000000001,17.387,17.637,21.137,24.637,12.587001,18.787,19.02241666666667
2026-04-07 05:00:00+00:00,94.0,100.0,100.0,100.0,98.0,85.0,100.0,100.0,0.0,0.0,0.0,0.0,0.0,0.2,0.0,0.4,1015.5,1019.3,1017.2,1019.3,1016.8,1012.4,1020.5,1017.8,66.0,59.0,69.0,62.0,82.0,92.0,73.0,63.0,17.246,13.113,17.7375,14.2845,17.7375,16.4585,14.532,17.286999,183.99083,240.2552,129.5881,320.1945,168.0239,198.06056,11.3098955,165.96373,15.517629,2.9024127,24.29133,2.8116899,12.144331,17.418196,7.342588,2.968636,5,0.9659258262890683,0.25881904510252074,17.887,17.437,20.237,26.286999,11.887,18.24533333333333,19.243249958333333
2026-04-07 06:00:00+00:00,83.0,100.0,100.0,100.0,94.0,84.0,100.0,100.0,0.0,0.0,0.0,0.0,0.1,0.7,0.0,0.1,1015.4,1019.2,1017.0,1019.1,1016.9,1012.5,1020.3,1017.1,74.0,56.0,71.0,67.0,81.0,92.0,70.0,64.0,16.546,13.462999,17.637499,13.4845,17.5875,16.1585,14.231999,17.087,192.33908,153.43501,137.66306,44.999897,171.86998,198.43504,12.528798,101.3099,11.792404,1.609969,21.915691,1.5273507,12.7279215,18.214718,6.638072,3.671294,6,1.0,6.123233995736766e-17,17.286999,17.387,18.887,27.036999,11.387,17.7536665,19.468249916666668
2026-04-07 07:00:00+00:00,83.0,100.0,99.0,100.0,95.0,94.0,100.0,99.0,0.0,0.0,0.0,0.0,0.1,0.7,0.0,0.1,1015.5,1019.3,1016.9,1019.3,1016.6,1012.5,1020.1,1017.6,78.0,55.0,72.0,72.0,79.0,90.0,67.0,72.0,16.096,13.263,17.637499,12.5845,17.5375,15.908501,14.182,16.587,181.68465,123.690094,140.64827,38.65983,159.44388,209.62366,6.3401003,296.56497,12.245294,1.2979984,23.277834,2.3051248,12.303366,21.120682,6.519877,1.609969,7,0.9659258262890683,-0.25881904510252063,17.087,17.887,17.637,26.087,10.987,17.4536665,19.70574991666667
2026-04-07 08:00:00+00:00,87.0,100.0,100.0,100.0,88.0,92.0,100.0,98.0,0.0,0.0,0.1,0.0,0.1,0.0,0.0,0.0,1015.8,1019.5,1017.5,1019.4,1016.7,1012.9,1020.0,1017.6,78.0,53.0,74.0,75.0,80.0,85.0,63.0,82.0,15.746,13.113,17.4375,12.0845,17.3375,15.6085005,14.682,15.487,175.76369,96.340096,146.54666,33.6901,156.80139,207.64589,29.357658,22.61991,9.746631,3.2599385,24.162947,1.2979984,13.708391,17.068707,6.6087217,4.6800003,8,0.8660254037844388,-0.4999999999999998,16.587,17.286999,17.437,24.187,10.887,17.2786665,19.93908325
2026-04-07 09:00:00+00:00,92.0,100.0,100.0,100.0,89.0,93.0,100.0,100.0,0.0,0.0,0.1,0.3,0.8,0.0,0.0,0.1,1016.0,1019.9,1017.8,1019.5,1016.7,1013.2,1020.2,1017.9,79.0,55.0,74.0,77.0,84.0,86.0,62.0,84.0,15.796,13.412999,17.1875,12.3345,17.137499,15.7085,15.432,15.487,158.19853,74.054535,138.96475,22.61991,149.26459,198.43504,330.25522,48.366554,7.754637,2.6208394,25.772078,4.6800003,15.496736,14.799459,2.9024127,4.3349743,9,0.7071067811865476,-0.7071067811865475,15.487,17.087,17.387,22.437,11.587001,16.9536665,20.13074991666667
2026-04-07 10:00:00+00:00,99.0,100.0,100.0,100.0,100.0,94.0,100.0,100.0,0.3,0.0,0.0,0.2,1.5,0.1,0.0,0.5,1015.9,1019.8,1018.1,1019.7,1016.9,1013.4,1020.8,1018.0,76.0,61.0,76.0,80.0,85.0,86.0,69.0,84.0,16.696,14.113,17.137499,13.6345005,17.2375,15.7085,15.731999,15.987,168.69011,51.34017,136.97493,14.036275,160.20103,196.31393,326.3099,49.398785,9.178235,2.3051248,29.546328,2.968636,19.130875,15.379206,2.5959969,3.319036,10,0.49999999999999994,-0.8660254037844387,15.487,16.587,17.887,21.137,14.537001,16.636999833333334,20.293249875
2026-04-07 11:00:00+00:00,96.0,100.0,100.0,100.0,100.0,95.0,100.0,100.0,0.1,0.0,0.3,0.1,2.6,0.2,0.2,0.1,1015.7,1019.8,1018.8,1019.9,1017.3,1013.7,1021.3,1018.7,64.0,59.0,83.0,75.0,87.0,79.0,67.0,81.0,18.746,16.013,16.7375,15.1345005,17.137499,16.3585,16.532,16.737,172.56868,95.19434,139.39879,16.699326,160.75038,199.9832,90.0,78.6901,16.700275,3.9763298,26.552288,3.7585104,24.023088,16.854767,1.08,1.835647,11,0.258819045102521,-0.9659258262890682,15.987,15.487,17.286999,20.237,17.887,16.320333166666668,20.3536665
2026-04-07 12:00:00+00:00,100.0,100.0,100.0,100.0,100.0,100.0,100.0,100.0,0.2,0.0,0.2,0.0,1.9,0.1,0.9,0.9,1015.5,1019.6,1018.8,1020.0,1017.5,1014.0,1021.7,1019.2,59.0,53.0,84.0,70.0,82.0,76.0,75.0,81.0,19.696,17.813,16.887499,16.5845,17.4875,16.1585,16.132,16.887,175.60138,131.98714,137.67549,19.983198,159.25385,216.46933,333.43503,119.05451,23.469128,4.8433046,27.267473,4.2136917,25.40743,20.592503,1.609969,3.7064266,12,1.2246467991473532e-16,-1.0,16.737,15.487,17.087,18.887,20.487,16.228666666666665,20.305749833333333
2026-04-07 13:00:00+00:00,100.0,100.0,98.0,100.0,100.0,100.0,100.0,100.0,0.4,0.0,0.2,0.7,0.8,0.4,1.3,1.3,1015.3,1019.0,1018.4,1020.0,1017.2,1014.0,1020.7,1018.9,64.0,50.0,84.0,73.0,82.0,69.0,74.0,85.0,19.596,19.463001,17.1875,16.6845,17.5875,15.7085,16.782,16.887,172.23492,185.7105,142.33432,246.80138,158.45895,234.63745,36.86999,127.568665,23.97989,7.2359104,25.922499,2.7416782,29.414444,13.684735,3.6,5.904439,13,-0.2588190451025208,-0.9659258262890683,16.887,15.987,16.587,17.637,23.036999,16.195333333333334,20.155749833333335
2026-04-07 14:00:00+00:00,100.0,100.0,98.0,100.0,100.0,100.0,100.0,100.0,2.1,0.0,0.6,0.1,0.9,0.0,0.3,1.0,1015.0,1018.3,1017.7,1019.4,1016.5,1013.4,1020.3,1018.2,81.0,46.0,81.0,71.0,86.0,56.0,75.0,84.0,17.196,20.063,17.6875,17.6845,17.2875,16.3585,17.032001,17.286999,168.11136,200.55612,144.09018,224.9999,157.93205,215.75398,187.76508,126.25393,20.969805,9.227524,25.77962,7.127636,28.745949,11.090103,7.9932976,6.696387,14,-0.4999999999999998,-0.8660254037844388,16.887,16.737,15.487,17.437,23.887,16.245333333333335,19.899499875
2026-04-07 15:00:00+00:00,100.0,100.0,99.0,100.0,100.0,100.0,100.0,100.0,4.2,0.0,2.2,0.4,2.0,0.1,0.1,1.2,1014.5,1017.4,1017.0,1018.6,1015.9,1013.2,1019.3,1017.5,85.0,46.0,83.0,72.0,87.0,57.0,72.0,83.0,16.796,20.163,17.5375,17.8345,17.1875,16.1085,17.632,17.487,166.50426,218.2902,143.61555,223.02507,159.01503,211.82741,184.96965,147.72438,18.511143,8.714677,25.488914,7.386582,28.146843,12.287555,8.311245,8.0899935,15,-0.7071067811865471,-0.7071067811865479,17.286999,16.887,15.487,17.387,23.987,16.545333166666666,19.624499833333335
2026-04-07 16:00:00+00:00,100.0,100.0,99.0,100.0,100.0,100.0,100.0,100.0,4.2,0.0,2.2,0.4,2.0,0.1,0.1,1.2,1014.0,1016.4,1016.3,1017.7,1015.2,1012.8,1018.1,1016.6,89.0,48.0,86.0,73.0,88.0,61.0,67.0,82.0,16.396,19.713001,17.137499,17.6845,17.0375,15.7585,18.382,17.637,165.61858,242.24155,142.48082,220.23628,161.56496,204.67685,180.0,166.42955,14.494192,7.729527,25.41763,6.1305785,26.183659,14.658676,7.5599995,10.739833,16,-0.8660254037844384,-0.5000000000000004,17.487,16.887,15.987,17.887,24.637,16.878666499999998,19.3536665
2026-04-07 17:00:00+00:00,100.0,100.0,100.0,100.0,100.0,100.0,100.0,100.0,4.2,0.0,2.2,0.4,2.0,0.1,0.1,1.2,1013.6,1015.6,1015.7,1016.8,1014.6,1012.6,1017.1,1015.8,91.0,52.0,88.0,74.0,89.0,65.0,64.0,82.0,15.996,19.013,16.8375,17.5345,16.7375,15.4585,18.732,17.637,164.57777,264.55975,141.84273,221.98714,163.81073,200.40997,173.99109,171.86998,10.829959,7.5942073,25.63847,4.8433046,23.241617,16.516901,6.87779,12.7279215,17,-0.9659258262890683,-0.25881904510252063,17.637,17.286999,16.737,17.286999,26.286999,17.1536665,19.061999833333335
2026-04-07 18:00:00+00:00,100.0,100.0,100.0,100.0,100.0,100.0,100.0,100.0,4.7,0.2,2.9,0.1,3.7,0.0,0.0,2.2,1013.4,1015.3,1015.3,1016.2,1014.3,1012.4,1016.6,1015.3,92.0,58.0,89.0,74.0,90.0,66.0,67.0,83.0,15.546,18.163,16.6875,17.5345,16.2375,15.3085,18.432001,17.286999,170.53775,273.01273,141.92717,224.9999,167.34744,196.82149,172.87508,166.37299,8.759178,6.849467,27.438046,3.563818,18.079027,16.171976,5.8048253,12.224107,18,-1.0,-1.8369701987210297e-16,17.637,17.487,16.887,17.087,27.036999,17.303666500000002,18.701583208333332
2026-04-07 19:00:00+00:00,100.0,100.0,100.0,100.0,100.0,100.0,99.0,100.0,4.7,0.2,2.9,0.1,3.7,0.0,0.0,2.2,1013.4,1015.4,1015.1,1015.7,1014.2,1012.3,1016.4,1014.9,91.0,65.0,90.0,73.0,90.0,66.0,73.0,85.0,15.046,17.163,16.5375,17.484499,15.537499,15.158501,17.682001,16.737,180.0,282.09473,142.98924,243.43501,174.64427,192.38075,175.60138,154.2901,7.2,5.1544156,29.30409,2.4149535,11.570515,15.111424,4.6938252,10.787993,19,-0.9659258262890684,0.2588190451025203,17.286999,17.637,16.887,16.587,26.087,17.370333000000002,18.295333208333336
2026-04-07 20:00:00+00:00,100.0,100.0,100.0,100.0,100.0,100.0,99.0,100.0,4.7,0.2,2.9,0.1,3.7,0.0,0.0,2.2,1013.5,1015.5,1015.1,1015.4,1014.2,1012.3,1016.4,1014.8,91.0,72.0,90.0,74.0,89.0,67.0,78.0,87.0,14.596,16.113,16.3375,17.234499,14.987499,14.908501,17.032001,16.237,186.3401,296.56497,145.25676,270.0,191.88864,187.49576,173.6599,143.53067,6.519877,3.219938,27.162708,1.4399999,6.9899354,13.797912,3.2599385,10.296251,20,-0.8660254037844386,0.5,16.737,17.637,17.286999,15.487,24.187,17.345333,17.905749875
2026-04-07 21:00:00+00:00,100.0,97.0,100.0,100.0,100.0,90.0,99.0,100.0,1.4,0.1,1.5,0.0,0.8,0.0,0.0,2.0,1013.7,1015.7,1015.5,1015.4,1014.5,1012.5,1016.6,1015.0,91.0,79.0,89.0,77.0,87.0,70.0,82.0,88.0,14.296,15.063,15.887499,16.484499,14.537499,14.4585,16.482,15.837001,176.6336,345.9637,155.05612,296.56497,211.60745,181.63654,149.03632,141.95291,6.130579,1.484318,17.072504,0.8049845,5.495161,12.605142,2.0991426,10.514218,21,-0.7071067811865477,0.7071067811865474,16.237,17.286999,17.487,15.487,22.437,17.170333166666666,17.574499875
2026-04-07 22:00:00+00:00,100.0,94.0,100.0,100.0,100.0,81.0,100.0,100.0,1.4,0.1,1.5,0.0,0.8,0.0,0.0,2.0,1014.0,1016.0,1016.0,1015.7,1015.1,1012.9,1017.0,1015.3,91.0,86.0,88.0,81.0,84.0,75.0,86.0,89.0,14.096,13.962999,15.3375,15.5345,14.237499,13.908501,15.981999,15.487,156.3706,69.44387,212.90524,360.0,227.72638,176.42374,99.46225,144.24602,6.28713,3.0758414,7.289445,0.35999998,5.3517847,11.542478,2.1897945,11.090103,22,-0.5000000000000004,0.8660254037844384,15.837001,16.737,17.637,15.987,21.137,16.895333333333333,17.299499916666665
2026-04-07 23:00:00+00:00,100.0,91.0,100.0,100.0,100.0,71.0,100.0,100.0,1.4,0.1,1.5,0.0,0.8,0.0,0.0,2.0,1014.3,1016.3,1016.5,1016.0,1015.5,1013.2,1017.4,1015.7,91.0,91.0,86.0,84.0,81.0,79.0,89.0,89.0,13.746,13.113,14.987499,14.7345,14.037499,13.408501,15.582,15.137,147.99466,77.00539,268.26434,44.999897,230.19447,168.31065,75.96373,147.38077,6.792466,4.802999,11.885453,1.0182338,5.6233797,10.661107,2.968636,10.685391,23,-0.2588190451025215,0.9659258262890681,15.487,16.237,17.637,16.737,20.237,16.537000000000003,17.06408325
2026-04-08 00:00:00+00:00,100.0,94.0,96.0,100.0,89.0,69.0,100.0,100.0,0.4,0.0,0.1,0.7,0.0,0.1,0.9,0.6,1014.7,1016.5,1016.7,1016.4,1015.8,1013.4,1017.7,1016.0,91.0,93.0,82.0,87.0,77.0,82.0,89.0,87.0,13.196,12.613,15.0875,14.2845,14.1375,13.0585,15.432,14.737,159.44388,70.346085,261.02747,26.564985,222.70937,156.2505,63.435013,154.5367,6.151683,5.3517847,13.849476,1.609969,6.3690495,9.83268,4.0249224,8.373386,0,0.0,1.0,15.137,15.837001,17.286999,16.887,18.887,16.120333333333335,16.85158325
2026-04-08 01:00:00+00:00,100.0,97.0,92.0,100.0,79.0,67.0,100.0,100.0,0.4,0.0,0.1,0.7,0.0,0.1,0.9,0.6,1015.1,1016.7,1016.8,1016.9,1015.9,1013.4,1017.9,1016.2,91.0,92.0,78.0,89.0,74.0,85.0,87.0,84.0,12.546,12.412999,15.4375,14.0345,14.3875,12.8085,15.432,14.337001,183.57626,61.69934,239.03632,9.462248,213.6901,141.34016,57.528828,172.87508,5.771239,5.315336,14.693999,2.1897945,7.7879906,9.220499,4.6938257,5.8048253,1,0.25881904510252074,0.9659258262890683,14.737,15.487,16.737,16.887,17.637,15.695333499999998,16.678666583333335
2026-04-08 02:00:00+00:00,100.0,100.0,88.0,100.0,68.0,65.0,100.0,100.0,0.4,0.0,0.1,0.7,0.0,0.1,0.9,0.6,1015.4,1016.9,1016.8,1017.2,1016.0,1013.5,1017.9,1016.4,91.0,92.0,75.0,91.0,73.0,88.0,86.0,83.0,11.946,12.162999,15.6375,13.8345,14.4375,12.5585,15.382,13.987,201.80147,52.124958,221.42357,7.12493,205.4633,127.30403,50.710617,195.25517,5.815978,4.1046314,16.323528,2.9024127,8.373386,9.504272,5.1165614,4.1046314,2,0.49999999999999994,0.8660254037844387,14.337001,15.137,16.237,17.286999,17.437,15.295333666666666,16.541166625
2026-04-08 03:00:00+00:00,100.0,100.0,88.0,100.0,68.0,70.0,100.0,98.0,0.0,0.1,0.4,1.1,0.3,0.1,1.9,0.0,1015.7,1017.2,1016.7,1017.3,1015.9,1013.5,1017.5,1016.5,91.0,93.0,76.0,93.0,77.0,90.0,87.0,85.0,11.496,11.863,15.4375,13.5845,14.0875,12.2585,15.282,13.637,195.94547,18.435053,212.00534,10.304792,199.29015,116.56499,41.63345,198.43504,5.2416787,1.1384199,16.981165,4.0249224,7.628263,10.464797,4.3349743,3.4152596,3,0.7071067811865475,0.7071067811865476,13.987,14.737,15.837001,17.487,17.387,14.920333666666666,16.397416625
2026-04-08 04:00:00+00:00,100.0,100.0,88.0,100.0,68.0,76.0,100.0,95.0,0.0,0.1,0.4,1.1,0.3,0.1,1.9,0.0,1015.9,1017.6,1016.5,1017.2,1015.7,1013.5,1016.8,1016.5,92.0,95.0,78.0,94.0,83.0,91.0,89.0,88.0,11.146,11.613,15.0875,13.3845005,13.537499,12.0085,15.182,13.387,180.0,255.96373,203.83875,17.102825,193.24052,108.970505,20.556128,187.12492,4.32,2.968636,16.92383,4.896529,6.28713,12.181625,3.0758414,2.9024127,4,0.8660254037844386,0.5000000000000001,13.637,14.337001,15.487,17.637,17.887,14.553666833333333,16.241166625
2026-04-08 05:00:00+00:00,100.0,100.0,88.0,100.0,68.0,81.0,100.0,93.0,0.0,0.1,0.4,1.1,0.3,0.1,1.9,0.0,1016.1,1017.9,1016.4,1017.1,1015.7,1013.6,1016.4,1016.5,92.0,96.0,80.0,95.0,88.0,92.0,91.0,90.0,10.746,11.412999,14.787499,13.184501,13.037499,11.7585,15.082,13.137,161.56496,248.96242,198.8248,17.102825,184.08554,107.44727,344.05453,164.05453,3.4152596,5.0142193,16.73516,4.896529,5.0528407,13.207634,2.6208394,2.6208394,5,0.9659258262890683,0.25881904510252074,13.387,13.987,15.137,17.637,17.286999,14.203666833333331,16.053666625
2026-04-08 06:00:00+00:00,100.0,97.0,92.0,100.0,65.0,82.0,100.0,95.0,0.0,0.1,0.4,0.7,0.1,0.0,1.8,0.1,1016.3,1018.1,1016.5,1017.0,1015.9,1014.0,1016.4,1016.5,93.0,96.0,81.0,96.0,89.0,92.0,93.0,91.0,10.146,11.113,14.537499,12.9845,12.6875,11.5085,14.882,12.987,165.96373,251.56496,198.43504,7.12493,170.53775,110.37652,315.0001,128.65984,1.484318,3.4152596,15.937878,2.9024127,4.379589,13.441071,3.0547013,2.3051248,6,1.0,6.123233995736766e-17,13.137,13.637,14.737,17.286999,17.087,13.8703335,15.880749999999999
2026-04-08 07:00:00+00:00,100.0,93.0,96.0,100.0,62.0,82.0,100.0,98.0,0.0,0.1,0.4,0.7,0.1,0.0,1.8,0.1,1016.5,1018.2,1016.7,1016.9,1016.2,1014.5,1016.5,1016.6,94.0,95.0,83.0,97.0,89.0,92.0,94.0,92.0,9.496,10.813,14.287499,12.7845,12.4375,11.3085,14.682,12.887,296.56497,360.0,201.54105,288.43503,158.19853,115.8663,293.9625,97.12492,0.8049845,0.35999998,14.707222,1.1384199,3.8773184,13.202726,3.5455887,2.9024127,7,0.9659258262890683,-0.25881904510252063,12.987,13.387,14.337001,16.737,16.587,13.578666833333335,15.709916666666667
2026-04-08 08:00:00+00:00,100.0,90.0,100.0,100.0,59.0,83.0,100.0,100.0,0.0,0.1,0.4,0.7,0.1,0.0,1.8,0.1,1016.8,1018.2,1017.0,1017.0,1016.6,1015.1,1016.8,1016.9,94.0,92.0,83.0,97.0,88.0,91.0,94.0,92.0,9.396,11.013,14.1375,12.684501,12.3875,11.3585005,14.682,12.887,329.03632,49.398785,204.56715,240.2552,149.03632,120.141304,281.3099,90.0,2.0991426,3.319036,13.854155,2.9024127,4.198285,12.904882,3.671294,3.6,8,0.8660254037844388,-0.4999999999999998,12.887,13.137,13.987,16.237,15.487,13.337000000000002,15.555750000000002
2026-04-08 09:00:00+00:00,100.0,93.0,100.0,100.0,73.0,76.0,100.0,100.0,0.0,0.0,0.1,2.6,0.1,0.1,1.9,0.7,1017.5,1018.2,1017.6,1017.6,1017.2,1016.0,1017.1,1017.5,93.0,87.0,82.0,96.0,86.0,88.0,92.0,92.0,10.246,12.113,14.0875,12.7845,12.5875,11.7085,15.032,13.037001,351.87,36.027473,205.27768,249.44386,149.74365,121.50421,270.0,105.25517,2.5455842,4.8965297,14.33234,3.0758414,5.00128,13.089354,2.8799999,4.1046314,9,0.7071067811865476,-0.7071067811865475,12.887,12.987,13.637,15.837001,15.487,13.153666666666668,15.447416666666667
2026-04-08 10:00:00+00:00,100.0,97.0,100.0,100.0,86.0,69.0,100.0,100.0,0.0,0.0,0.1,2.6,0.1,0.1,1.9,0.7,1018.3,1018.2,1018.3,1018.4,1017.8,1017.0,1017.5,1018.4,91.0,80.0,81.0,94.0,84.0,84.0,88.0,92.0,11.646,13.662999,14.0875,13.0345,12.987499,12.2585,15.532,13.287001,23.198618,22.380184,203.55228,270.0,151.92761,120.141304,233.13002,126.027466,2.7416782,6.6185193,15.315873,2.52,6.12,12.904882,1.8,4.8965297,10,0.49999999999999994,-0.8660254037844387,13.037001,12.887,13.387,15.487,15.987,13.053666833333333,15.345333375000001
2026-04-08 11:00:00+00:00,100.0,100.0,100.0,100.0,100.0,62.0,100.0,100.0,0.0,0.0,0.1,2.6,0.1,0.1,1.9,0.7,1018.9,1018.1,1018.9,1019.1,1018.4,1017.8,1018.0,1019.1,89.0,73.0,79.0,92.0,81.0,78.0,85.0,91.0,12.846,15.013,14.1875,13.3345,13.487499,13.0085,15.832,13.537001,57.99466,19.290138,202.03629,270.0,154.65387,120.141304,210.96368,139.76372,3.396233,7.628263,16.311613,3.2399998,7.5685663,12.904882,2.0991426,6.1305785,11,0.258819045102521,-0.9659258262890682,13.287001,12.887,13.137,15.137,16.737,13.037000333333333,15.232833416666665
2026-04-08 12:00:00+00:00,100.0,100.0,86.0,100.0,89.0,75.0,100.0,100.0,0.2,0.0,0.1,1.7,0.1,0.0,2.4,0.7,1019.2,1017.9,1019.2,1019.4,1018.8,1018.3,1018.6,1019.5,85.0,67.0,77.0,90.0,78.0,71.0,85.0,89.0,13.646,16.013,14.3375,13.7345,14.0875,14.0085,15.731999,13.787001,90.0,39.47243,199.57321,240.64233,159.44388,120.141304,236.3099,148.57048,6.12,7.928177,17.193533,6.6087217,9.227524,12.904882,3.8939953,7.5942082,12,1.2246467991473532e-16,-1.0,13.537001,13.037001,12.987,14.737,16.887,13.103667166666668,15.099500125
2026-04-08 13:00:00+00:00,100.0,100.0,71.0,100.0,79.0,87.0,100.0,100.0,0.2,0.0,0.1,1.7,0.1,0.0,2.4,0.7,1019.4,1017.5,1019.3,1019.5,1019.0,1018.5,1019.1,1019.8,81.0,61.0,76.0,89.0,75.0,62.0,86.0,86.0,14.296,16.763,14.537499,14.1345005,14.737499,15.2085,15.481999,14.037001,102.5288,61.389645,195.46127,231.07245,163.30067,119.53869,247.61981,153.43501,9.9571085,9.021574,17.555305,12.031756,11.27553,12.413477,6.6185193,8.854829,13,-0.2588190451025208,-0.9659258262890683,13.787001,13.287001,12.887,14.337001,16.887,13.237000666666667,14.9703335
2026-04-08 14:00:00+00:00,100.0,100.0,57.0,100.0,68.0,100.0,100.0,100.0,0.2,0.0,0.1,1.7,0.1,0.0,2.4,0.7,1019.5,1017.3,1019.4,1019.6,1019.1,1018.7,1019.5,1020.0,78.0,59.0,74.0,87.0,71.0,55.0,86.0,84.0,14.646,17.163,14.6875,14.3345,15.3875,16.1585,15.332,14.237,106.38962,74.74483,192.90741,228.94528,165.17348,118.88649,257.19574,153.43501,12.758432,8.209263,17.727943,14.799459,12.661564,11.923557,8.12197,9.659814,14,-0.4999999999999998,-0.8660254037844388,14.037001,13.537001,12.887,13.987,17.286999,13.428667499999998,14.851583541666669
2026-04-08 15:00:00+00:00,100.0,100.0,50.0,99.0,59.0,100.0,94.0,100.0,0.3,0.2,0.0,1.8,0.0,0.0,1.5,0.3,1019.4,1017.1,1019.3,1019.8,1019.0,1018.7,1019.5,1020.0,77.0,65.0,72.0,85.0,66.0,50.0,82.0,82.0,14.596,17.063,14.8375,14.0845,15.987499,16.7085,15.432,14.437,105.52418,78.6901,190.84026,233.74606,167.79955,115.70991,276.70975,147.52882,13.450708,1.835647,17.227419,13.392774,13.627795,10.787993,6.162207,9.387651,15,-0.7071067811865471,-0.7071067811865479,14.237,13.787001,13.037001,13.637,17.487,13.6536675,14.724500249999998
2026-04-08 16:00:00+00:00,100.0,100.0,43.0,99.0,49.0,100.0,88.0,100.0,0.3,0.2,0.0,1.8,0.0,0.0,1.5,0.3,1019.3,1017.0,1019.2,1019.9,1018.9,1018.5,1019.2,1019.8,77.0,75.0,71.0,84.0,61.0,48.0,76.0,81.0,14.246,16.613,14.9375,13.6345005,16.5375,17.0585,15.731999,14.537001,101.3099,261.46933,187.76508,248.19853,171.02745,109.798965,325.30478,139.89915,12.849528,7.2805495,15.986595,9.693296,13.849476,9.565437,5.692099,8.942214,16,-0.8660254037844384,-0.5000000000000004,14.437,14.037001,13.287001,13.387,17.637,13.887000666666667,14.597416916666667
2026-04-08 17:00:00+00:00,100.0,100.0,36.0,98.0,40.0,100.0,82.0,100.0,0.3,0.2,0.0,1.8,0.0,0.0,1.5,0.3,1019.3,1017.2,1019.1,1020.1,1018.8,1018.5,1018.9,1019.7,78.0,82.0,70.0,83.0,58.0,47.0,71.0,79.0,13.946,15.912999,14.987499,13.2845,16.7875,17.1585,15.981999,14.637,96.91113,261.2539,185.7105,260.53775,172.30405,100.30479,348.6901,127.875046,11.966953,14.205182,14.471821,6.5693827,13.441071,8.049845,7.342588,8.209263,17,-0.9659258262890683,-0.25881904510252063,14.537001,14.237,13.537001,13.137,17.637,14.095334000000001,14.468250291666669
2026-04-08 18:00:00+00:00,100.0,93.0,32.0,97.0,33.0,100.0,88.0,100.0,0.1,0.0,0.0,0.5,0.0,0.0,0.0,0.1,1019.5,1018.0,1019.1,1020.3,1018.9,1018.7,1018.6,1019.7,79.0,84.0,70.0,83.0,57.0,49.0,68.0,77.0,13.796,15.013,14.987499,13.184501,16.637499,17.008501,16.332,14.687,93.814,261.34753,183.46815,240.94548,171.6342,86.82024,340.0168,110.854546,10.823973,16.75064,11.901798,3.7064266,12.371645,6.489992,8.427383,8.089993,18,-1.0,-1.8369701987210297e-16,14.637,14.437,13.787001,12.987,17.286999,14.278667166666667,14.343250291666669
2026-04-08 19:00:00+00:00,100.0,85.0,27.0,97.0,27.0,99.0,94.0,100.0,0.1,0.0,0.0,0.5,0.0,0.0,0.0,0.1,1019.9,1019.2,1019.1,1020.6,1019.2,1019.1,1018.3,1019.8,81.0,84.0,71.0,85.0,58.0,54.0,66.0,75.0,13.696,13.912999,14.987499,13.2345,16.2375,16.6085,16.682001,14.687,87.70944,260.13425,180.0,169.6952,167.90526,63.435013,322.69595,94.96966,9.007196,16.808569,8.64,4.0249224,10.308831,5.634891,9.504272,8.311245,19,-0.9659258262890684,0.2588190451025203,14.687,14.537001,14.037001,12.887,16.737,14.428666999999999,14.234916999999998
2026-04-08 20:00:00+00:00,100.0,78.0,23.0,96.0,20.0,99.0,100.0,100.0,0.1,0.0,0.0,0.5,0.0,0.0,0.0,0.1,1020.3,1020.2,1019.2,1020.8,1019.5,1019.5,1018.2,1019.9,83.0,84.0,72.0,86.0,61.0,59.0,64.0,75.0,13.396,12.813,14.9375,13.0845,15.6875,16.2085,16.832,14.487,81.46932,260.31128,173.6599,148.39255,161.56496,39.805527,313.6029,82.56869,7.2805495,14.973576,6.519877,5.495161,7.968939,5.6233797,10.44,8.350138,20,-0.8660254037844386,0.5,14.687,14.637,14.237,12.887,16.237,14.537000166666665,14.149500333333334
2026-04-08 21:00:00+00:00,94.0,54.0,49.0,97.0,45.0,93.0,100.0,100.0,0.0,0.0,0.0,0.0,0.0,0.0,0.1,0.0,1020.8,1020.9,1019.6,1020.8,1019.8,1020.0,1018.4,1020.2,86.0,85.0,73.0,88.0,67.0,63.0,62.0,79.0,12.796,11.662999,14.987499,12.6345005,14.987499,15.8585005,16.732,13.987,75.068535,260.21765,160.55988,135.0001,141.34016,17.354122,311.98712,71.564964,5.5887027,10.594036,6.489992,3.0547013,4.6102495,6.0347,9.686609,6.830519,21,-0.7071067811865477,0.7071067811865474,14.487,14.687,14.437,13.037001,15.837001,14.578666833333331,14.076583666666666
2026-04-08 22:00:00+00:00,88.0,31.0,74.0,99.0,69.0,88.0,100.0,100.0,0.0,0.0,0.0,0.0,0.0,0.0,0.1,0.0,1021.4,1021.5,1020.2,1020.8,1020.2,1020.6,1018.8,1020.6,89.0,87.0,73.0,90.0,75.0,68.0,60.0,86.0,12.046,10.412999,14.987499,12.0845,14.1875,15.4585,16.432001,13.337001,65.55606,265.23645,150.9455,9.462248,73.300674,2.8623457,316.8476,53.972538,4.3498964,4.3349743,7.4128532,2.1897945,3.7585104,7.208994,7.8954163,4.8965297,22,-0.5000000000000004,0.8660254037844384,13.987,14.687,14.537001,13.287001,15.487,14.503666833333334,13.999500291666665
2026-04-08 23:00:00+00:00,82.0,7.0,100.0,100.0,94.0,82.0,100.0,100.0,0.0,0.0,0.0,0.0,0.0,0.0,0.1,0.0,1021.8,1022.0,1020.6,1020.8,1020.5,1021.0,1019.0,1020.9,92.0,89.0,75.0,92.0,81.0,72.0,61.0,91.0,11.396,9.412999,14.8875,11.5345,13.537499,15.1085005,16.032,12.787001,49.398785,360.0,139.08571,342.8972,44.999897,357.3975,321.8427,30.963696,3.319036,0.35999998,7.145796,4.896529,6.1094027,7.928178,6.4096174,4.198285,23,-0.2588190451025215,0.9659258262890681,13.337001,14.487,14.637,13.537001,15.137,14.303666833333333,13.909917
2026-04-09 00:00:00+00:00,84.0,30.0,100.0,100.0,96.0,66.0,91.0,100.0,0.0,0.0,1.2,0.0,0.1,0.0,0.0,1.4,1022.0,1022.3,1020.6,1020.9,1020.7,1021.2,1019.0,1021.1,94.0,92.0,79.0,94.0,83.0,77.0,66.0,94.0,10.946,8.662999,14.487499,11.184501,13.287499,14.8085,15.582,12.537001,35.537766,44.999897,108.43504,331.38962,44.999897,2.7262611,328.39255,22.61991,3.096837,1.0182338,5.6920996,4.510787,7.6367526,7.5685663,5.495161,4.6800003,0,0.0,1.0,12.787001,13.987,14.687,13.787001,14.737,13.995333666666667,13.812000374999998
2026-04-09 01:00:00+00:00,86.0,54.0,100.0,99.0,98.0,50.0,83.0,100.0,0.0,0.0,1.2,0.0,0.1,0.0,0.0,1.4,1022.0,1022.5,1020.3,1021.1,1020.8,1021.2,1018.9,1021.2,95.0,95.0,85.0,95.0,84.0,81.0,73.0,95.0,10.646,8.063,13.9375,10.8845005,13.1875,14.5585,15.032,12.387,23.962492,333.43503,59.03632,305.53775,52.124958,19.440128,333.43503,28.30066,3.5455887,0.8049845,6.297428,3.096837,8.209263,6.489992,4.829907,5.315336,1,0.25881904510252074,0.9659258262890683,12.537001,13.337001,14.687,14.037001,14.337001,13.6370005,13.72033375
2026-04-09 02:00:00+00:00,88.0,77.0,100.0,99.0,100.0,34.0,74.0,100.0,0.0,0.0,1.2,0.0,0.1,0.0,0.0,1.4,1022.0,1022.5,1019.9,1021.0,1020.7,1021.2,1018.7,1021.0,96.0,97.0,89.0,96.0,85.0,85.0,79.0,95.0,10.346,7.713,13.487499,10.5345,13.037499,14.2585,14.481999,12.287001,18.435053,315.0001,33.111355,270.0,50.194473,33.6901,341.56494,26.564985,3.4152596,1.0182338,9.885262,2.52,8.435069,6.489992,4.5536795,5.634891,2,0.49999999999999994,0.8660254037844387,12.387,12.787001,14.487,14.237,13.987,13.253667166666666,13.639083708333333
2026-04-09 03:00:00+00:00,89.0,85.0,100.0,99.0,100.0,54.0,73.0,100.0,0.0,0.0,1.0,0.0,1.6,0.0,0.0,0.5,1021.8,1022.3,1019.1,1020.4,1020.2,1021.0,1018.2,1020.3,97.0,99.0,90.0,97.0,87.0,87.0,83.0,94.0,10.096,7.563,13.287499,10.0845,12.6875,13.908501,14.032,12.187,20.556128,360.0,19.855309,243.43501,34.3804,35.537766,347.90527,15.945477,3.0758414,1.4399999,13.779114,1.609969,8.287822,6.193674,5.1544156,5.2416787,3,0.7071067811865475,0.7071067811865476,12.287001,12.537001,13.987,14.437,13.637,12.887000666666667,13.568250416666666
2026-04-09 04:00:00+00:00,90.0,92.0,100.0,100.0,100.0,75.0,71.0,100.0,0.0,0.0,1.0,0.0,1.6,0.0,0.0,0.5,1021.6,1021.9,1018.2,1019.6,1019.4,1020.7,1017.6,1019.3,97.0,99.0,90.0,98.0,89.0,87.0,85.0,93.0,9.846,7.613,13.1375,9.5845,12.237499,13.5585,13.582,12.087001,33.6901,33.6901,12.652561,161.56496,9.090207,35.537766,353.29025,360.0,2.5959969,2.5959969,18.079027,1.1384199,9.114471,6.193674,6.162207,4.32,4,0.8660254037844386,0.5000000000000001,12.187,12.387,13.337001,14.537001,13.387,12.587000666666667,13.507833750000001
2026-04-09 05:00:00+00:00,91.0,100.0,100.0,100.0,100.0,95.0,70.0,100.0,0.0,0.0,1.0,0.0,1.6,0.0,0.0,0.5,1021.3,1021.6,1017.4,1018.9,1018.7,1020.5,1017.1,1018.4,97.0,99.0,89.0,98.0,90.0,87.0,87.0,91.0,9.646,7.763,13.0875,9.184501,11.987499,13.2585,13.182,11.987,38.65983,41.185837,10.922761,120.96369,357.95462,30.963696,356.98727,350.53775,2.3051248,3.8268526,20.898611,2.0991426,10.086427,6.297428,6.849467,4.379589,5,0.9659258262890683,0.25881904510252074,12.087001,12.287001,12.787001,14.637,13.137,12.378667333333333,13.453667125
2026-04-09 06:00:00+00:00,90.5,100.0,100.0,100.0,100.0,75.75,76.75,99.5,0.0,0.0,0.125,0.0,0.15,0.0,0.0,0.025,1021.0,1021.5,1016.9501,1018.4,1018.12494,1020.35004,1016.9501,1017.8,96.5,96.0,88.25,97.5,88.25,86.75,87.5,89.25,9.5215,8.026125,13.04225,8.96575,12.118375,13.264,13.000376,11.991751,115.26758,44.67421,16.368456,92.92186,272.94797,30.391653,354.20035,270.75317,2.9369977,4.8436513,20.823105,2.5819733,10.780982,7.2458696,6.9162583,5.2223663,6,1.0,6.123233995736766e-17,11.987,12.187,12.537001,14.687,12.987,12.245333833333333,13.405750458333335
2026-04-09 07:00:00+00:00,93.0,100.0,99.5,100.0,100.0,66.0,83.0,97.5,0.0,0.0,0.15,0.0,0.2,0.0,0.0,0.05,1020.6,1021.4,1016.65,1018.1,1017.55,1020.19995,1016.9,1017.3,95.5,91.5,88.0,96.5,85.5,85.5,87.5,87.0,9.396999,8.33925,13.021999,8.872,12.37425,13.3445,12.71875,12.0965,187.31053,46.12844,25.46372,69.93233,5.7404304,31.166649,169.11507,15.646547,4.4136233,5.192977,19.729856,2.9709086,11.034151,8.686693,6.669903,6.9671626,7,0.9659258262890683,-0.25881904510252063,11.991751,12.087001,12.387,14.687,12.887,12.154458833333331,13.364281749999998
2026-04-09 08:00:00+00:00,99.75,100.0,99.75,100.0,100.0,65.75,88.0,94.75,0.0,0.0,0.17500001,0.0,0.25,0.0,0.0,0.075,1020.4,1021.4,1016.475,1017.9,1017.1,1020.14996,1016.85004,1016.92505,95.25,88.25,87.75,95.5,83.5,85.0,88.0,84.25,9.31,8.539875,13.03925,8.7907505,12.592626,13.450001,12.524625,12.31375,271.289,47.016052,32.457645,53.749435,270.55725,31.58985,252.98164,26.192158,5.624092,5.3636627,18.978918,3.1746967,11.941366,9.446493,6.6713796,8.992063,8,0.8660254037844388,-0.4999999999999998,12.0965,11.987,12.287001,14.487,12.887,12.106042166666667,13.331344249999999
2026-04-09 09:00:00+00:00,91.0,56.0,83.0,74.0,71.0,26.0,32.0,80.0,0.0,0.0,0.1,0.0,0.0,0.0,0.0,0.1,1020.1,1021.7,1017.2,1018.8,1018.3,1019.5,1017.7,1018.1,93.0,63.0,84.0,91.0,88.0,87.0,76.0,89.0,11.448,10.8654995,13.5565,11.5095005,11.961,13.080501,15.1055,12.056,71.564964,40.601215,44.118694,72.64589,355.60138,53.84173,318.1799,48.179924,6.830519,6.638072,16.548256,6.0347,4.6938252,11.592894,9.178235,9.178235,9,0.7071067811865476,-0.7071067811865475,12.31375,11.991751,12.187,13.987,13.037001,12.110500333333334,13.307458833333333
2026-04-09 10:00:00+00:00,85.0,51.0,81.0,61.0,79.0,44.0,23.0,79.0,0.0,0.0,0.1,0.0,0.0,0.0,0.0,0.1,1020.1,1021.5,1017.5,1018.4,1018.5,1019.8,1017.9,1018.2,89.0,55.0,84.0,81.0,84.0,84.0,74.0,86.0,12.648,13.6154995,13.9065,14.2595005,12.661,13.580501,16.5555,13.206,55.175446,51.072456,38.453735,56.88865,360.0,54.865723,316.8476,47.72637,10.086427,12.031756,15.629971,9.885262,3.96,11.885453,7.8954163,10.703569,10,0.49999999999999994,-0.8660254037844387,12.056,12.0965,12.087001,13.337001,13.287001,12.088667000000001,13.266583791666667
2026-04-09 11:00:00+00:00,78.0,47.0,79.0,48.0,86.0,62.0,14.0,77.0,0.0,0.0,0.1,0.0,0.0,0.0,0.0,0.1,1020.0,1021.2,1017.6,1018.0,1018.6,1019.9,1018.0,1018.2,85.0,47.0,82.0,70.0,80.0,81.0,70.0,82.0,14.198,16.365501,14.6565,17.2095,13.711,14.3805,18.155499,14.656,48.503635,57.3391,37.99879,55.407658,11.3098955,54.865723,317.4896,48.814175,12.496718,16.676977,14.618837,12.682018,3.671294,11.885453,5.8603754,11.480557,11,0.258819045102521,-0.9659258262890682,13.206,12.31375,11.987,12.787001,13.537001,12.275166833333335,13.263208750000002
2026-04-09 12:00:00+00:00,72.0,43.0,80.0,34.0,68.0,57.0,9.0,52.0,0.0,0.0,0.0,0.0,0.2,0.0,0.0,0.0,1019.6,1020.8,1017.5,1017.5,1018.4,1019.8,1017.9,1018.0,79.0,41.0,77.0,58.0,75.0,77.0,64.0,76.0,16.148,18.765501,16.0565,20.3095,15.261001,15.580501,19.9555,16.606,47.20262,61.049107,50.59937,62.744755,34.9921,48.99101,326.3099,52.124958,13.246826,19.33639,13.044722,13.363711,4.39436,10.97262,1.2979984,12.313894,12,1.2246467991473532e-16,-1.0,14.656,12.056,11.991751,12.537001,13.787001,12.720000166666667,13.309833708333334
2026-04-09 13:00:00+00:00,66.0,40.0,80.0,19.0,49.0,52.0,5.0,28.0,0.0,0.0,0.0,0.0,0.2,0.0,0.0,0.0,1019.2,1020.2,1017.4,1017.1,1018.0,1019.6,1017.8,1017.6,73.0,36.0,70.0,46.0,70.0,72.0,57.0,70.0,18.348,21.0655,17.7565,23.5595,17.111,17.030499,21.9555,18.906,49.398785,64.32324,74.74483,74.47583,54.46224,41.98713,128.65984,58.495792,13.276144,20.771093,12.313893,13.450708,6.193674,9.686609,4.6102495,13.089354,13,-0.2588190451025208,-0.9659258262890683,16.606,13.206,12.0965,12.387,14.037001,13.489041666666665,13.427292000000001
2026-04-09 14:00:00+00:00,60.0,36.0,81.0,5.0,31.0,47.0,0.0,3.0,0.0,0.0,0.0,0.0,0.2,0.0,0.0,0.0,1018.6,1019.6,1017.1,1016.5,1017.6,1019.2,1017.5,1017.2,66.0,32.0,64.0,36.0,66.0,68.0,52.0,64.0,20.398,23.0655,19.206501,26.2595,18.661001,18.3305,23.4555,20.856,52.81522,69.10216,97.69597,86.82024,62.10283,35.837746,133.26433,61.92762,13.104198,21.194187,13.441071,12.979984,6.9247384,7.9932966,8.404285,12.24,14,-0.4999999999999998,-0.8660254037844388,18.906,14.656,12.31375,12.287001,14.237,14.623958333333334,13.630166958333334
2026-04-09 15:00:00+00:00,53.0,37.0,58.0,7.0,46.0,56.0,10.0,10.0,0.0,0.0,0.0,0.0,0.0,0.0,0.0,0.0,1018.0,1018.7,1016.6,1015.8,1017.2,1018.7,1017.0,1016.7,59.0,27.0,60.0,31.0,63.0,64.0,50.0,60.0,22.148,24.8155,20.2565,28.3095,19.811,19.530499,24.255499,22.256,60.802605,79.69521,117.69938,104.47034,74.054535,42.510403,135.0001,62.447273,14.021525,20.12461,16.263872,11.525623,5.2416787,5.8603754,9.1641035,9.339208,15,-0.7071067811865471,-0.7071067811865479,20.856,16.606,12.056,12.187,14.437,16.047666666666668,13.905958625000002
2026-04-09 16:00:00+00:00,45.0,37.0,34.0,8.0,62.0,66.0,21.0,18.0,0.0,0.0,0.0,0.0,0.0,0.0,0.0,0.0,1017.3,1017.8,1016.0,1015.0,1016.7,1018.0,1016.5,1016.2,52.0,23.0,58.0,28.0,61.0,61.0,51.0,56.0,23.698,26.265501,21.0565,29.8595,20.661001,20.530499,24.6055,23.306,69.904686,93.301796,131.4676,129.28938,104.03627,73.300674,138.81418,63.435013,15.716793,18.751125,20.65848,10.233123,2.968636,3.7585104,7.653705,4.829907,16,-0.8660254037844384,-0.5000000000000004,22.256,18.906,13.206,12.087001,14.537001,17.747666666666667,14.231750291666666
2026-04-09 17:00:00+00:00,38.0,38.0,11.0,10.0,77.0,75.0,31.0,25.0,0.0,0.0,0.0,0.0,0.0,0.0,0.0,0.0,1016.7,1017.2,1015.5,1014.5,1016.3,1017.4,1016.0,1015.7,48.0,21.0,59.0,29.0,60.0,61.0,51.0,54.0,24.748,27.015501,21.3565,30.4595,21.211,20.9305,24.755499,23.956,74.98159,104.32276,140.31459,150.5242,165.96373,113.19862,146.3099,44.999897,15.281989,17.462782,21.986542,9.511088,2.968636,2.7416782,6.489992,1.0182338,17,-0.9659258262890683,-0.25881904510252063,23.306,20.856,14.656,11.987,14.637,19.431,14.59712525
2026-04-09 18:00:00+00:00,25.0,48.0,9.0,7.0,64.0,67.0,21.0,32.0,0.0,0.0,0.0,0.0,0.0,0.0,0.0,0.0,1016.2,1017.2,1015.4,1014.4,1016.0,1016.9,1015.6,1015.3,50.0,21.0,64.0,35.0,60.0,65.0,50.0,53.0,25.298,26.765501,20.8565,29.8595,21.361,20.1805,24.8555,24.306,75.068535,106.14441,151.85849,168.11136,202.6199,201.80147,166.75948,279.46225,11.177405,14.241629,17.555307,6.9899354,4.6800003,1.9386592,6.28713,2.1897945,18,-1.0,-1.8369701987210297e-16,23.956,22.256,16.606,11.991751,14.687,20.980999999999998,14.985416916666665
2026-04-09 19:00:00+00:00,13.0,57.0,7.0,3.0,52.0,58.0,10.0,39.0,0.0,0.0,0.0,0.0,0.0,0.0,0.0,0.0,1015.8,1017.5,1015.4,1014.6,1015.8,1016.6,1015.3,1014.9,55.0,24.0,72.0,44.0,61.0,73.0,49.0,54.0,25.298,25.8155,19.8065,28.3095,21.211,18.780499,24.7055,24.256,65.22488,100.88548,180.0,209.0545,220.91429,254.05453,185.7105,274.08554,5.154415,9.531505,11.5199995,3.7064266,7.145796,5.2416787,7.2359104,5.0528407,19,-0.9659258262890684,0.2588190451025203,24.306,23.306,18.906,12.0965,14.687,22.264333333333337,15.386208583333335
2026-04-09 20:00:00+00:00,0.0,67.0,5.0,0.0,39.0,50.0,0.0,46.0,0.0,0.0,0.0,0.0,0.0,0.0,0.0,0.0,1015.6,1018.0,1015.5,1014.9,1015.7,1016.3,1015.3,1014.8,60.0,27.0,79.0,52.0,64.0,79.0,51.0,56.0,24.648,24.365501,18.9065,26.3095,20.711,17.630499,24.0555,23.706,9.462248,90.0,218.2902,270.0,230.19447,262.23492,196.69933,270.0,2.1897945,6.4799995,8.714677,3.2399998,8.435069,7.9932976,7.5170207,6.4799995,20,-0.8660254037844386,0.5,24.256,23.956,20.856,12.31375,14.487,23.156000000000002,15.784916916666667
2026-04-09 21:00:00+00:00,0.0,46.0,14.0,4.0,26.0,33.0,7.0,44.0,0.0,0.0,0.0,0.0,0.0,0.0,0.0,0.0,1015.7,1018.6,1015.6,1015.2,1015.8,1016.2,1015.9,1015.1,66.0,32.0,83.0,57.0,69.0,83.0,57.0,62.0,22.798,22.1655,18.3065,23.6095,19.761,17.130499,22.5555,22.306,345.9637,86.423744,250.55988,333.43503,238.57048,261.87,197.10281,260.53775,2.968636,5.771239,6.489992,2.4149535,7.5942082,7.6367526,4.896529,6.5693827,21,-0.7071067811865477,0.7071067811865474,23.706,24.306,22.256,12.056,13.987,23.631,16.169041916666668
2026-04-09 22:00:00+00:00,0.0,24.0,22.0,7.0,13.0,17.0,15.0,43.0,0.0,0.0,0.0,0.0,0.0,0.0,0.0,0.0,1016.0,1019.4,1015.8,1015.6,1016.1,1016.3,1016.9,1015.6,73.0,38.0,87.0,61.0,75.0,86.0,65.0,69.0,20.248,19.4655,17.7565,20.4595,18.461,16.9305,20.5555,20.356,360.0,90.0,306.02747,36.027473,255.96373,262.8751,135.0001,243.43501,4.32,6.4799995,4.8965297,4.8965297,5.937272,5.8048253,1.0182338,6.439876,22,-0.5000000000000004,0.8660254037844384,22.306,24.256,23.306,13.206,13.337001,23.639333333333337,16.515666916666667
2026-04-09 23:00:00+00:00,0.0,3.0,31.0,11.0,0.0,0.0,22.0,41.0,0.0,0.0,0.0,0.0,0.0,0.0,0.0,0.0,1016.3,1020.0,1015.8,1015.9,1016.2,1016.4,1017.5,1015.9,77.0,44.0,89.0,62.0,79.0,88.0,73.0,76.0,18.198,17.1655,17.3565,18.0095,17.461,16.780499,18.755499,18.656,3.8140097,86.82024,341.56494,48.814175,278.74606,264.80566,29.744795,230.19447,5.4119864,6.489992,6.830519,7.653705,4.73506,3.9763298,2.9024127,5.6233797,23,-0.2588190451025215,0.9659258262890681,20.356,23.706,23.956,14.656,12.787001,23.147666666666666,16.808125208333333
2026-04-10 00:00:00+00:00,26.0,10.0,21.0,18.0,8.0,4.0,20.0,27.0,0.0,0.0,0.0,0.0,0.0,0.0,0.0,0.0,1016.5,1020.3,1015.6,1016.1,1016.0,1016.5,1017.5,1015.9,78.0,48.0,89.0,60.0,81.0,90.0,80.0,81.0,17.098,15.565499,17.1065,16.9095,16.961,16.5805,17.4055,17.506,360.0,75.96373,357.3975,52.124958,289.9832,293.1986,360.0,216.86998,5.04,5.937272,7.928178,8.209263,4.2136917,2.7416782,4.32,3.6,0,0.0,1.0,18.656,22.306,24.306,16.606,12.537001,22.264333333333337,17.052666833333333
2026-04-10 01:00:00+00:00,52.0,16.0,10.0,26.0,17.0,9.0,17.0,14.0,0.0,0.0,0.0,0.0,0.0,0.0,0.0,0.0,1016.7,1020.5,1015.3,1016.2,1015.7,1016.5,1017.0,1015.6,76.0,52.0,89.0,56.0,81.0,91.0,87.0,85.0,16.448,14.3654995,16.956501,16.5595,16.711,16.4805,16.255499,16.656,350.53775,53.13002,8.130019,52.594578,299.0545,330.25522,338.19852,158.19853,4.379589,5.3999996,7.6367526,7.7043357,3.7064266,2.9024127,5.815978,1.9386592,1,0.25881904510252074,0.9659258262890683,17.506,20.356,24.256,18.906,12.387,21.131,17.259708458333336
2026-04-10 02:00:00+00:00,78.0,23.0,0.0,33.0,25.0,13.0,15.0,0.0,0.0,0.0,0.0,0.0,0.0,0.0,0.0,0.0,1016.8,1020.6,1015.0,1016.2,1015.3,1016.5,1016.5,1015.3,74.0,55.0,88.0,53.0,81.0,92.0,89.0,88.0,16.048,13.315499,16.8565,16.359499,16.561,16.3305,15.5055,16.006,349.69522,39.805527,14.743609,53.13002,315.0001,354.2895,327.09476,90.0,4.0249224,5.6233797,7.072878,7.2,3.563818,3.6179552,7.289445,2.52,2,0.49999999999999994,0.8660254037844387,16.656,18.656,23.706,20.856,12.287001,19.86433333333333,17.437583458333336
2026-04-10 03:00:00+00:00,77.0,29.0,11.0,33.0,32.0,42.0,10.0,13.0,0.0,0.0,0.0,0.0,0.1,0.0,0.0,0.0,1016.6,1020.6,1014.6,1016.0,1014.9,1016.2,1015.7,1014.9,72.0,56.0,88.0,51.0,81.0,93.0,83.0,91.0,15.898,12.4155,16.8065,16.2095,16.461,16.0805,15.3055,15.456,360.0,39.805527,4.085537,54.782326,335.22488,12.528798,325.6196,49.398785,3.96,5.6233797,5.0528407,7.491114,5.154415,3.319036,8.287822,3.319036,3,0.7071067811865475,0.7071067811865476,16.006,17.506,22.306,22.256,12.187,18.581,17.59254175
2026-04-10 04:00:00+00:00,75.0,36.0,21.0,32.0,39.0,70.0,5.0,27.0,0.0,0.0,0.0,0.0,0.1,0.0,0.0,0.0,1016.2,1020.5,1014.3,1015.6,1014.4,1015.8,1014.8,1014.3,71.0,57.0,87.0,49.0,81.0,94.0,73.0,92.0,15.948,11.7655,16.8565,16.2595,16.461,15.830501,15.455501,15.156,9.462248,47.72637,315.0001,56.3099,345.25638,39.805527,326.97614,24.775122,4.379589,5.3517847,3.563818,7.7879906,7.072878,2.8116899,8.587338,5.154415,4,0.8660254037844386,0.5000000000000001,15.456,16.656,20.356,23.306,12.087001,17.439333333333334,17.728750083333335
2026-04-10 05:00:00+00:00,74.0,42.0,32.0,32.0,46.0,99.0,0.0,40.0,0.0,0.0,0.0,0.0,0.1,0.0,0.0,0.0,1016.0,1020.4,1014.0,1015.3,1014.1,1015.5,1014.2,1014.0,69.0,58.0,87.0,47.0,81.0,93.0,66.0,90.0,15.898,11.1655,16.8565,16.359499,16.361,15.7805,15.4055,15.106,15.945477,53.13002,279.46225,59.03632,347.73523,44.999897,328.24057,14.036275,5.2416787,5.3999996,4.379589,8.39657,8.473393,3.0547013,8.891343,5.937272,5,0.9659258262890683,0.25881904510252074,15.156,16.006,18.656,23.956,11.987,16.572666666666667,17.856625041666668
2026-04-10 06:00:00+00:00,56.0,34.0,33.0,32.0,35.0,99.0,0.0,52.0,0.0,0.0,0.0,0.0,0.0,0.0,0.0,0.0,1016.0,1020.4,1013.9,1015.0,1014.1,1015.2,1014.1,1014.0,68.0,61.0,87.0,45.0,83.0,90.0,66.0,81.0,15.348,10.3654995,16.8065,16.2595,16.011,16.030499,14.5555,15.5060005,14.036275,50.710617,284.03625,59.420856,346.60748,21.801476,331.38962,17.102825,5.937272,5.1165614,4.452954,9.19939,7.771331,3.8773184,9.021574,4.896529,6,1.0,6.123233995736766e-17,15.106,15.456,17.506,24.306,11.991751,15.981000000000002,17.986583375
2026-04-10 07:00:00+00:00,38.0,27.0,35.0,31.0,24.0,100.0,0.0,64.0,0.0,0.0,0.0,0.0,0.0,0.0,0.0,0.0,1016.0,1020.4,1014.0,1014.6,1014.2,1015.0,1014.4,1014.1,68.0,65.0,88.0,42.0,86.0,86.0,69.0,69.0,14.698,9.6154995,16.706501,16.2095,15.561001,16.530499,13.5555,16.156,9.462261,51.34017,304.9921,59.743652,339.44388,360.0,336.5014,39.805527,6.5693827,4.6102495,4.39436,10.00256,6.151683,6.12,9.028754,2.8116899,7,0.9659258262890683,-0.25881904510252063,15.5060005,15.156,16.656,24.256,12.0965,15.647666749999999,18.1330104375
2026-04-10 08:00:00+00:00,20.0,19.0,36.0,31.0,13.0,100.0,0.0,76.0,0.0,0.0,0.0,0.0,0.0,0.0,0.0,0.0,1016.1,1020.3,1014.2,1014.4,1014.4,1015.0,1014.6,1014.3,66.0,66.0,88.0,40.0,87.0,82.0,69.0,60.0,14.748,9.9155,16.8565,16.9595,15.561001,17.0805,13.7555,16.906,8.130019,50.710617,315.0001,60.018444,333.43503,354.55975,338.19852,90.0,7.6367526,5.1165614,4.072935,10.805998,4.829907,7.5942073,7.754637,1.8,8,0.8660254037844388,-0.4999999999999998,16.156,15.106,16.006,23.706,12.31375,15.564333416666665,18.302156270833333
2026-04-10 09:00:00+00:00,27.0,13.0,24.0,36.0,23.0,100.0,0.0,51.0,0.0,0.0,0.0,0.0,0.1,0.0,0.0,0.0,1016.3,1020.1,1014.6,1014.5,1014.7,1015.3,1014.8,1014.6,63.0,61.0,87.0,38.0,85.0,77.0,63.0,57.0,16.098,11.815499,17.3565,18.9595,16.261,17.630499,16.3555,17.556,11.76827,53.74608,306.86996,60.461315,331.38962,2.8623457,329.74365,135.0001,8.825508,6.696387,3.6,12.413477,4.510787,7.208994,5.00128,2.5455842,9,0.7071067811865476,-0.7071067811865475,16.906,15.5060005,15.456,22.306,12.056,15.714333416666667,18.493500020833334
2026-04-10 10:00:00+00:00,35.0,6.0,12.0,40.0,33.0,100.0,0.0,25.0,0.0,0.0,0.0,0.0,0.1,0.0,0.0,0.0,1016.6,1019.7,1015.1,1014.7,1015.0,1015.8,1015.0,1015.0,58.0,54.0,85.0,35.0,82.0,72.0,55.0,58.0,18.148,14.7155,18.0565,21.7595,17.411001,18.280499,20.2055,18.256,15.945477,56.3099,276.3401,60.255207,333.43503,22.380184,279.46225,149.03632,10.483357,9.085988,3.2599385,14.512064,4.0249224,6.6185193,2.1897945,4.198285,10,0.49999999999999994,-0.8660254037844387,17.556,16.156,15.156,20.356,13.206,16.064333416666667,18.7226666875
2026-04-10 11:00:00+00:00,42.0,0.0,0.0,45.0,43.0,100.0,0.0,0.0,0.0,0.0,0.0,0.0,0.1,0.0,0.0,0.0,1016.6,1019.1,1015.5,1014.7,1015.3,1016.0,1015.1,1015.3,54.0,46.0,83.0,33.0,77.0,67.0,48.0,58.0,20.198,17.615501,18.5565,24.4095,18.661001,19.130499,23.3055,19.206,21.161337,58.392544,233.13002,61.60708,320.1945,40.236294,203.9625,167.90526,11.966953,10.990322,3.6,15.141414,2.8116899,6.1305785,3.5455887,5.1544156,11,0.258819045102521,-0.9659258262890682,18.256,16.906,15.106,18.656,14.656,16.581000083333333,18.933083354166666
2026-04-10 12:00:00+00:00,40.0,0.0,12.0,30.0,29.0,100.0,0.0,0.0,0.0,0.0,0.0,0.0,0.0,0.0,0.0,0.0,1016.3,1018.2,1015.7,1014.3,1015.5,1015.8,1015.1,1015.3,50.0,39.0,82.0,30.0,71.0,60.0,45.0,56.0,21.998,20.365501,18.7565,26.9595,20.111,20.6805,24.9555,20.756,29.197395,61.92762,188.97255,66.80139,243.43501,57.264786,180.0,194.93147,14.021525,12.24,6.924738,13.708391,2.4149535,5.991594,5.7599998,5.5887027,12,1.2246467991473532e-16,-1.0,19.206,17.556,15.5060005,17.506,16.606,17.264333416666666,19.1226666875
2026-04-10 13:00:00+00:00,37.0,0.0,23.0,15.0,14.0,100.0,0.0,0.0,0.0,0.0,0.0,0.0,0.0,0.0,0.0,0.0,1015.7,1017.1,1015.8,1013.7,1015.5,1015.4,1015.1,1015.2,46.0,33.0,80.0,26.0,63.0,52.0,45.0,55.0,23.748,23.1655,18.8565,29.3595,21.611,22.4805,25.8555,22.556,36.11944,67.61982,175.23645,75.068535,206.56499,75.068535,169.6952,223.02507,16.489416,13.237039,13.004921,11.177405,5.634891,5.5887027,8.049845,7.386582,13,-0.2588190451025208,-0.9659258262890683,20.756,18.256,16.156,16.656,18.906,18.139333333333333,19.295583354166666
2026-04-10 14:00:00+00:00,35.0,0.0,35.0,0.0,0.0,100.0,0.0,0.0,0.0,0.0,0.0,0.0,0.0,0.0,0.0,0.0,1015.0,1015.9,1015.7,1013.1,1015.5,1015.1,1014.9,1014.9,43.0,28.0,80.0,24.0,58.0,49.0,44.0,53.0,25.298,25.4155,18.8065,30.9095,22.511,23.280499,26.3555,23.956,41.531677,73.009094,173.92764,90.0,196.26028,94.76356,165.4655,235.17543,16.831684,13.5515,17.015474,6.4799995,9.0,4.3349743,10.041354,10.086427,14,-0.4999999999999998,-0.8660254037844388,22.556,19.206,16.906,16.006,20.856,19.206,19.4476666875
2026-04-10 15:00:00+00:00,39.0,33.0,40.0,0.0,0.0,86.0,0.0,3.0,0.0,0.0,0.0,0.0,0.0,0.0,0.0,0.0,1014.2,1014.6,1015.4,1012.5,1015.3,1014.9,1014.5,1014.4,40.0,25.0,81.0,25.0,57.0,55.0,43.0,51.0,26.648,26.9655,18.706501,31.1595,22.411001,22.0805,26.4555,24.806,50.194473,83.829926,181.16911,213.6901,187.12492,170.53775,166.86597,237.65257,14.05845,13.397612,17.643673,3.8939953,11.609651,2.1897945,11.090103,12.783802,15,-0.7071067811865471,-0.7071067811865479,23.956,20.756,17.556,15.456,22.256,20.381,19.576833354166666
2026-04-10 16:00:00+00:00,44.0,67.0,46.0,0.0,0.0,72.0,0.0,6.0,0.0,0.0,0.0,0.0,0.0,0.0,0.0,0.0,1013.2,1013.4,1015.0,1011.8,1014.9,1014.7,1013.9,1013.8,37.0,24.0,82.0,27.0,58.0,65.0,42.0,49.0,27.698,27.9655,18.5065,30.5095,21.711,19.880499,26.1055,25.256,67.06787,97.907074,193.73628,241.60707,180.0,231.84273,171.11942,235.56094,10.163227,13.084402,16.676977,15.141414,14.04,6.4096174,11.659777,15.277749,16,-0.8660254037844384,-0.5000000000000004,24.806,22.556,18.256,15.156,23.306,21.589333333333332,19.683083354166666
2026-04-10 17:00:00+00:00,48.0,100.0,51.0,0.0,0.0,58.0,0.0,9.0,0.0,0.0,0.0,0.0,0.0,0.0,0.0,0.0,1012.5,1012.4,1014.6,1011.4,1014.6,1014.5,1013.5,1013.4,36.0,23.0,84.0,30.0,61.0,73.0,42.0,50.0,28.248,28.3155,18.3065,29.5095,20.911001,18.2305,25.6055,25.106,87.13766,109.53674,205.40767,245.85446,175.91446,242.52565,174.47255,234.60512,7.208994,11.841756,15.941944,22.881958,15.158522,10.144082,11.212135,16.78156,17,-0.9659258262890683,-0.25881904510252063,25.256,23.956,19.206,15.106,23.956,22.756,19.764333354166666
2026-04-10 18:00:00+00:00,57.0,100.0,49.0,6.0,0.0,57.0,0.0,6.0,0.0,0.0,0.0,0.0,0.0,0.0,0.0,0.0,1012.2,1012.0,1014.3,1011.4,1014.3,1014.2,1013.3,1013.3,39.0,23.0,85.0,34.0,66.0,74.0,43.0,54.0,28.048,27.9655,18.1565,28.3595,20.211,17.9305,25.0555,24.156,98.74608,127.875046,214.07724,246.57129,177.13765,245.22488,173.41815,231.91118,4.73506,8.209263,14.77755,23.540806,14.417988,10.30883,9.422101,16.92383,18,-1.0,-1.8369701987210297e-16,25.106,24.806,20.756,15.5060005,24.306,23.739333333333335,19.812250020833336
2026-04-10 19:00:00+00:00,65.0,100.0,47.0,13.0,0.0,56.0,0.0,3.0,0.0,0.0,0.0,0.0,0.0,0.0,0.0,0.0,1012.1,1011.9,1014.1,1011.6,1014.0,1014.0,1013.3,1013.4,44.0,23.0,86.0,39.0,72.0,73.0,46.0,61.0,27.248,27.015501,18.0065,26.8595,19.461,18.280499,24.3555,22.606,116.56499,172.40544,222.70937,246.13982,181.63654,250.0168,170.53775,227.72636,1.609969,5.4477882,12.738099,20.46941,12.605142,8.427383,6.5693827,16.055355,19,-0.9659258262890684,0.2588190451025203,24.156,25.256,22.556,16.156,24.256,24.306,19.806000020833334
2026-04-10 20:00:00+00:00,74.0,100.0,45.0,19.0,0.0,55.0,0.0,0.0,0.0,0.0,0.0,0.0,0.0,0.0,0.0,0.0,1012.1,1011.9,1014.0,1012.0,1013.9,1013.8,1013.4,1013.5,49.0,26.0,87.0,46.0,78.0,72.0,50.0,67.0,26.098,25.515501,17.8565,25.1095,18.761,18.380499,23.3055,21.106,243.43501,214.69522,230.44037,246.16125,186.1154,255.2564,163.30067,223.99501,1.609969,5.692099,10.739832,16.92383,10.1376915,7.072878,3.7585104,14.512064,20,-0.8660254037844386,0.5,22.606,25.106,23.956,16.906,23.706,24.314333333333334,19.737250020833333
2026-04-10 21:00:00+00:00,83.0,94.0,48.0,13.0,0.0,55.0,8.0,0.0,0.0,0.0,0.0,0.0,0.0,0.0,0.0,0.0,1012.3,1012.1,1014.2,1012.5,1014.0,1013.9,1013.7,1013.8,54.0,33.0,89.0,58.0,84.0,74.0,58.0,73.0,24.398,23.1655,17.6065,22.8595,18.061,17.9805,21.5555,19.706,254.74483,236.3099,230.52757,244.7989,188.53069,260.53775,135.0001,222.39738,4.1046314,3.8939953,7.928177,13.527572,7.2805495,6.5693827,1.0182338,11.212135,21,-0.7071067811865477,0.7071067811865474,21.106,24.156,24.806,17.556,22.306,23.839333333333332,19.6289166875
2026-04-10 22:00:00+00:00,91.0,89.0,52.0,6.0,0.0,55.0,16.0,0.0,0.0,0.0,0.0,0.0,0.0,0.0,0.0,0.0,1012.6,1012.5,1014.5,1013.2,1014.2,1014.1,1014.1,1014.1,59.0,42.0,91.0,72.0,89.0,78.0,67.0,80.0,22.298,20.3155,17.3565,20.3095,17.411001,17.380499,19.4555,18.356,256.75946,321.34018,221.98714,239.74365,195.25517,266.82022,350.53775,223.02507,6.28713,2.3051248,4.8433046,10.00256,4.1046314,6.489992,2.1897945,7.386582,22,-0.5000000000000004,0.8660254037844384,19.706,22.606,25.256,18.256,20.356,22.989333333333335,19.520583354166668
2026-04-10 23:00:00+00:00,100.0,83.0,55.0,0.0,0.0,55.0,24.0,0.0,0.0,0.0,0.0,0.0,0.0,0.0,0.0,0.0,1012.8,1012.8,1014.6,1013.6,1014.3,1014.1,1014.2,1014.3,64.0,49.0,92.0,84.0,93.0,80.0,74.0,85.0,20.448,18.115501,17.1565,18.1595,16.861,16.9305,17.755499,17.156,255.96373,354.80566,200.55612,233.13002,213.6901,273.3664,345.9637,221.63345,7.42159,3.9763298,3.0758414,7.2,1.2979984,6.130579,4.452954,4.3349743,23,-0.2588190451025215,0.9659258262890681,18.356,21.106,25.106,19.206,18.656,21.839333333333332,19.437250020833336
